1,SOLO,JENNIE,250228,https://open.spotify.com/track/2wVDWtLKXunswWecARNILj
2,"thank u, next","Ariana Grande",222204,https://open.spotify.com/track/2rPE9A1vEgShuZxxzR2tZH
3,ซ่อนกลิ่น,Palmy,216519,https://open.spotify.com/track/7woh2lJvyILYxSQ1kXTI3d
4,"ลาลาลอย (100%)","The Toys",203671,https://open.spotify.com/track/3f3L2MP4oniV1bmSxGbcW4
5,ดูดี,Polycat,168204,https://open.spotify.com/track/4afuOwuWWRoS8HEw1cyVUZ
6,อาวรณ์,Polycat,157046,https://open.spotify.com/track/2USX969yFQ250hBULh6Ope
7,เป็นไรไหม?,OG-ANIC,146003,https://open.spotify.com/track/09Mn2O6dtMLCKdeD0BtLdO
8,เสือสิ้นลาย,F.HERO,137365,https://open.spotify.com/track/42pEFPN6KrUydf2ufdampZ
9,พูดไม่ออก,"The Toys",120349,https://open.spotify.com/track/36QNwsq4EpOdS3E4WEJphO
10,มีผลต่อหัวใจ,"Non Tanon",119246,https://open.spotify.com/track/5lxItfla07vroV2vuGwe75
11,"Sunflower - Spider-Man: Into the Spider-Verse","Post Malone",108109,https://open.spotify.com/track/1A6OTy97kk0mMdm78rHsm8
12,เจ็บน้อยที่สุด,Zeal,107895,https://open.spotify.com/track/2YIgU8Tq4tovJ3T2Qw6Ewh
13,หมอกร้าย,Lipta,105779,https://open.spotify.com/track/0EYgFMIXhjcFgX6xe2NY9v
14,แบกไม่ไหว,UrboyTJ,102245,https://open.spotify.com/track/2S3r0O3Dkgf797IguE4DeY
15,"RBB (Really Bad Boy)","Red Velvet",100093,https://open.spotify.com/track/4xjVP2Vogo0C72o6Nevq0W
16,ความเงียบดังที่สุด,Getsunova,99574,https://open.spotify.com/track/49o9ToewyZywgB5KlaB3WN
17,นอกจากชื่อฉัน,ACTART,96566,https://open.spotify.com/track/3nQlPsRsO4mEqVaiqErCLO
18,"สุดท้ายก็หมา (feat. เด็กเลี้ยงควาย)",Wonderframe,96508,https://open.spotify.com/track/1PIOSEedZ1FJUmQoviXvgI
19,"La Vie en Rose",IZ*ONE,95926,https://open.spotify.com/track/1fRaznZsAB2i63TtmYv2Hc
20,"Kiss and Make Up","Dua Lipa",91832,https://open.spotify.com/track/13hvHEstJ4sNbzdroPrPI3
21,ความรักกำลังก่อตัว,"Non Tanon",90242,https://open.spotify.com/track/4EgdU9qfAfHC8ZsGd7dnac
22,ไปเถอะ,"The Parkinson",88440,https://open.spotify.com/track/12bFmsrqe5XmBN2iDyFHNz
23,"ความหมาย (เพลงประกอบละคร พรหมไม่ได้ลิขิต)","Atom Chanakan",87518,https://open.spotify.com/track/2K6iFUok3ie5reehHJTTMy
24,"Without Me",Halsey,87056,https://open.spotify.com/track/5p7ujcrUXASCNwRaWNHR1C
25,หนึ่งคืน,"Atom Chanakan",86172,https://open.spotify.com/track/33diPovBu4Vxw4k83wrKmB
26,ไม่อยู่ในชีวิตแต่อยู่ในหัวใจ,Lula,85372,https://open.spotify.com/track/1psb8glAxDb4DYAwnOWzm3
27,ติดตลก,"Oat Pramote",84561,https://open.spotify.com/track/6YYcwUa7auypfzwUZoNEGY
28,ภาพจำ,"Pop Pongkool",84083,https://open.spotify.com/track/4YRpjJaJpiI36HM36Dn5lS
29,"DDU-DU DDU-DU - KR Ver.",BLACKPINK,83365,https://open.spotify.com/track/2CWnuF7ht55Ajyeg4WPvWu
30,"Good Luck feat. Maiyarap",Lipta,80573,https://open.spotify.com/track/3tMbwbZpYXGHeg0l45m7Tv
31,จริงๆแล้ว,Illslick,77615,https://open.spotify.com/track/54Q0xSkkMuTXPdkMPh7ZXc
32,"Day 1 ◑",HONNE,75536,https://open.spotify.com/track/6ZzYETKetIfNUsZUb23jgG
33,"บอกตัวเอง (feat. โป่ง หินเหล็กไฟ)","Room 39",72702,https://open.spotify.com/track/3WQe3r4R1lnJs75ty9UYDF
34,BBIBBI,IU,72657,https://open.spotify.com/track/4as4XEOR03oGm1STUKl6pa
35,ยอม...ปล่อย,Cyanide,72410,https://open.spotify.com/track/6ilPvEFcvuE8306ytmzSi9
36,"ช้ำคือเรา - Version สมอารมณ์",สมอารมณ์,71909,https://open.spotify.com/track/2RDD7HPe72Le3jkqR7Kt8f
37,งู้ยยยยยยยยยยย,"Oat Pramote",71282,https://open.spotify.com/track/3DB5cok0icynOC7wj1AQuj
38,เป็นอดีต,MEAN,69740,https://open.spotify.com/track/6OJ10ZEgo5ZyBHZE72eD7x
39,"ภูเขาบังเส้นผม feat. TWOPEE",Stamp,69153,https://open.spotify.com/track/5kHLmBd3GTMIFhWdD3berA
40,Stars,"The Toys",69011,https://open.spotify.com/track/00XqyOkSIiqOygR0kezc4x
41,ไม่ใช่ฉัน,"D Gerrard",68764,https://open.spotify.com/track/2gjaLwhfyxt96vBhSzeONs
42,"ได้ข่าว (Breaking News) feat. CDGUNTEE",Lipta,68473,https://open.spotify.com/track/4L11CrTUriutTRRjWKPdJm
43,"แพ้ทุกที (LOOPER)","fellow fellow",67621,https://open.spotify.com/track/1OCWm66r2PwI8RsspEMfzD
44,Better,Khalid,66459,https://open.spotify.com/track/6zeeWid2sgw4lap2jV61PZ
45,นอนได้แล้ว,"The Toys",66318,https://open.spotify.com/track/5wjLh0SIZGk36IgB8NE74l
46,คำตอบ,Safeplanet,66182,https://open.spotify.com/track/0zEb36zrMAhdM851DxG1Oy
47,"ยิ้มก็พอ feat. Wonderframe","TOR+ Saksit",65875,https://open.spotify.com/track/089OggImoTkmiPMVtVAs3I
48,"ครึ่งๆ กลางๆ",Bodyslam,65751,https://open.spotify.com/track/0f23VtodRD5ISi5qXm2KqR
49,Happier,Marshmello,63257,https://open.spotify.com/track/2dpaYNEQHiRxtZbfNsse99
50,รักมือสอง,"Bedroom Audio",60889,https://open.spotify.com/track/6SrJGBmuQGR8SKpPqHfXz4
51,"Ruin My Life","Zara Larsson",58917,https://open.spotify.com/track/5tAa8Uaqr4VvA3693mbIhU
52,POP/STARS,K/DA,58673,https://open.spotify.com/track/5sbooPcNgIE22DwO0VNGUJ
53,Tempo,EXO,57248,https://open.spotify.com/track/4EjUFjzi4ErWjklOA3Aslu
54,ลืมกันแล้วหรือยัง,"25 hours",57199,https://open.spotify.com/track/3WfyGqe4dWuwBTsrx9BjU8
55,"YES or YES",TWICE,55860,https://open.spotify.com/track/184XtKkzoAl83quIarUAJP
56,"No Way (feat. Thaitanium)","Boom Boom Cash",54101,https://open.spotify.com/track/4Pb22vDH05eY0WEStvGeQs
57,พอจะรู้,meyou.,53222,https://open.spotify.com/track/4p4SOBQ0fxHYluEcba6Xrq
58,"FOREVER YOUNG - KR Ver.",BLACKPINK,52368,https://open.spotify.com/track/57Enap29zKl7NGRdDJjkjA
59,"Bad Liar","Imagine Dragons",52251,https://open.spotify.com/track/2RSHsoi04658QL5xgQVov3
60,"Spring Breeze","Wanna One",51879,https://open.spotify.com/track/3IktbbAbZqczBDQxCoJOyP
61,"Close To Me (with Diplo) (feat. Swae Lee)","Ellie Goulding",51762,https://open.spotify.com/track/5JEx7HbmvHQQswJCsoo9rA
62,"Taki Taki (with Selena Gomez, Ozuna & Cardi B)","DJ Snake",51218,https://open.spotify.com/track/4w8niZpiMy6qz1mntFA5uM
63,FIANCÉ,MINO,50972,https://open.spotify.com/track/1bZNFcnyCmlnbs337baR0b
64,คนที่ไม่ใช่,O-Pavee,50240,https://open.spotify.com/track/76rs0Apd4Ct5LwJm8pB6r1
65,"LOVE SCENARIO",iKON,48822,https://open.spotify.com/track/6qAzAmPBUpGrk7XADZHR5k
66,ต่อให้,"Season Five",46745,https://open.spotify.com/track/7EiesOznEUAta5QIb89I7e
67,แผลในใจ,Gtk,45335,https://open.spotify.com/track/5DhVAdJiCSdTJn5A1ioKLb
68,"I Love You",EXID,44765,https://open.spotify.com/track/7n2HVHWqFsyAOs5HqmE1Dl
69,"As If It's Your Last",BLACKPINK,43388,https://open.spotify.com/track/1Zyd6zQnC6XIIzmg3hP7Ot
70,"Love Someone","Lukas Graham",43001,https://open.spotify.com/track/3id2EVGKc3eFAMn9nFnB0r
71,"คนชั่ว 2018","The Parkinson",42813,https://open.spotify.com/track/7ei0VnJbGojtdCDCp2Mow1
72,2002,Anne-Marie,42395,https://open.spotify.com/track/2BgEsaKNfHUdlh97KmvFyo
73,"Girls Like You (feat. Cardi B)","Maroon 5",42186,https://open.spotify.com/track/7fa9MBXhVfQ8P8Df9OEbD8
74,ขอโทษ,"Burin Boonvisut",40447,https://open.spotify.com/track/6sCQmOY5k4BcjONYyVccaz
75,"Simon Says","NCT 127",39660,https://open.spotify.com/track/1zedfw5iu7XzKJT8CupEIP
76,"Woman Like Me (feat. Nicki Minaj)","Little Mix",39616,https://open.spotify.com/track/222B3aljXx6fFwKmFjuBED
77,"come out and play","Billie Eilish",39550,https://open.spotify.com/track/7wC5eZcFS1Q1BsQ35DU6H4
78,อยู่ตรงนี้เสมอ,Clash,39317,https://open.spotify.com/track/0PvFP2JVqywKmhbHxU7daW
79,"Waste It On Me (feat. BTS)","Steve Aoki",39255,https://open.spotify.com/track/2J0X46UkpfLlWbuCXFgDLr
80,ฉันยังไหว,"Gavin D",38244,https://open.spotify.com/track/3Stq2dng1asiAuVk6lppLW
81,"Rewrite The Stars (with James Arthur & Anne-Marie)","James Arthur",37990,https://open.spotify.com/track/6mQLN3zRtAp6ovjusyYKrV
82,ฝันหวานอายจูบ,Stamp,36553,https://open.spotify.com/track/10DSYghyBjAYJa8iCvdRDv
83,"Saturday Nights",Khalid,35025,https://open.spotify.com/track/5kfNriitmkNE8mUbZ7gbq8
84,เอาไว้ค่อยคุย,Gliss,34931,https://open.spotify.com/track/7kPt9mmvufI8A99lvwlzAB
85,"All I Want for Christmas Is You","Mariah Carey",34791,https://open.spotify.com/track/0bYg9bo50gSsH3LtXe2SQn
86,"Happy Now (feat. Sandro Cavazza)",Kygo,34618,https://open.spotify.com/track/14sOS5L36385FJ3OL8hew4
87,"I Always Wanna Die (Sometimes)","The 1975",34567,https://open.spotify.com/track/7iPlcFvOMOzt6v0QvcAueZ
88,"I Like Me Better",Lauv,33967,https://open.spotify.com/track/2P91MQbaiQOfbiz9VqhqKQ
89,"Bad Boy","Red Velvet",33933,https://open.spotify.com/track/5GKwq4sO5ZHKuWaDmdwMQc
90,"KILLING ME",iKON,33763,https://open.spotify.com/track/27kB4qLUCV8nZd2eOgj1Tk
91,"Stand Out Fit In","ONE OK ROCK",33135,https://open.spotify.com/track/1vVm7saDXHk99SU5BFUDpp
92,หากวันนั้น,"Room 39",32688,https://open.spotify.com/track/4hy03eg0PksOEJraNfqb1O
93,"Arms Around You (feat. Maluma & Swae Lee)",XXXTENTACION,32572,https://open.spotify.com/track/2LskIZrCeLxRvCiGP8gxlh
94,"Santa Tell Me","Ariana Grande",31892,https://open.spotify.com/track/0lizgQ7Qw35od7CYaoMBZb
95,พบกันใหม่,Polycat,31504,https://open.spotify.com/track/4IKn1t0eZZzF5mji1vraVI
96,"Better Now","Post Malone",31495,https://open.spotify.com/track/7dt6x5M1jzdTEt8oCbisTK
97,"HANN (Alone)",(G)I-DLE,31423,https://open.spotify.com/track/7gr57cYekMWriyJYbT7oZ4
98,Rainberry,ZAYN,31207,https://open.spotify.com/track/7oVKKYFeHdQ2e0gStX2X2T
99,"FAKE LOVE",BTS,31013,https://open.spotify.com/track/3aW0ds4A4tSQDIp75FqWTo
100,"TIC TOC (feat. Lil Baby)",6ix9ine,30951,https://open.spotify.com/track/4m5Cd9kAbIxg6t9sMrQWtk
101,"Beach House","The Chainsmokers",30706,https://open.spotify.com/track/0N8MGHEDAq29ip7RrlrTeN
102,"BOOMBAYAH - KR Ver.",BLACKPINK,30511,https://open.spotify.com/track/1qAPA8TooLVEqAZ58fhcrt
103,Perfect,"Ed Sheeran",30267,https://open.spotify.com/track/0tgVpDi06FyKpA1z0VMD4v
104,"PLAYING WITH FIRE - KR Ver.",BLACKPINK,30111,https://open.spotify.com/track/5OepnJhqZoyJN8qWo2LZzy
105,1991-1993,"Telex Telexs",29999,https://open.spotify.com/track/6UigtZs8GPSiH1ckOfoagk
106,"Empty Space","James Arthur",29186,https://open.spotify.com/track/1uru26I2JKd2mQZt0MDCUe
107,ถ้าเธอต้องเลือก,Illslick,29142,https://open.spotify.com/track/5Of65kRDivh4UHG3SG5Iad
108,แค่เราไม่ได้รักกัน,Indigo,28547,https://open.spotify.com/track/7Fi43HjA5FTTCPOj2wai00
109,"Bohemian Rhapsody - Remastered 2011",Queen,28249,https://open.spotify.com/track/7tFiyTwD0nx5a1eklYtX2J
110,"There's No Way (feat. Julia Michaels)",Lauv,27751,https://open.spotify.com/track/2hnxrRNzF74mdDzpQZQukQ
111,"Good Morning Teacher","Atom Chanakan",27690,https://open.spotify.com/track/4AsE3bvoh6yuZls617lj4Z
112,"This Feeling","The Chainsmokers",27453,https://open.spotify.com/track/6LKYeyLt4G4SlZ6OJwFhVS
113,"Power Up","Red Velvet",27301,https://open.spotify.com/track/381g0b6QZxC13SzA2HRMIc
114,"Sweet but Psycho","Ava Max",27203,https://open.spotify.com/track/25sgk305KZfyuqVBQIahim
115,"no tears left to cry","Ariana Grande",26698,https://open.spotify.com/track/2qT1uLXPVPzGgFOx4jtEuo
116,"WHISTLE - KR Ver.",BLACKPINK,26643,https://open.spotify.com/track/67BbMuItfrHmaNqDxBPF7c
117,"Lil’ Touch","Girls' Generation-Oh!GG",26612,https://open.spotify.com/track/4D5Ode2OfZMxIwQyvmhUe8
118,"Let You Love Me","Rita Ora",26593,https://open.spotify.com/track/5Fla3zyOCcIRqrDoKLU0DP
119,"Eastside (with Halsey & Khalid)","benny blanco",26436,https://open.spotify.com/track/0d2iYfpKoM0QCKvcLCkBao
120,PLEASE,"Atom Chanakan",26425,https://open.spotify.com/track/60hF3gZXQ33xdAXXk6tE1x
121,"HELP ME","NU'EST W",26251,https://open.spotify.com/track/4YcMalsZKALGeqgaYeVp4T
122,"Paris in the Rain",Lauv,25960,https://open.spotify.com/track/41CgzGD7xlgnJe14R4cqkL
123,"Shape of You","Ed Sheeran",25926,https://open.spotify.com/track/7qiZfU4dY1lWllzX7mPBI3
124,FRIENDS,Marshmello,25883,https://open.spotify.com/track/08bNPGLD8AhKpnnERrAc6G
125,"when the party's over","Billie Eilish",25511,https://open.spotify.com/track/14JzyD6FlBD5z0wV5P07YI
126,"Young Dumb & Broke",Khalid,25500,https://open.spotify.com/track/5Z3GHaZ6ec9bsiI5BenrbY
127,Closer,"The Chainsmokers",25225,https://open.spotify.com/track/7BKLCZ1jbUBVqRi2FVlTVw
128,"New Rules","Dua Lipa",24871,https://open.spotify.com/track/2xJCMIJfcNYDc5iR0sAm2O
129,comethru,"Jeremy Zucker",24817,https://open.spotify.com/track/6fFTPGGItuEpjwXRUIr4rk
130,"E-Lo (feat. Jozzy)","Los Unidades",24753,https://open.spotify.com/track/3eydp9rHJAskzOevEBK267
131,Siren,SUNMI,24751,https://open.spotify.com/track/2EK48RuuE8HHMDzD2rEDqL
132,"REALLY - KR Ver.",BLACKPINK,24714,https://open.spotify.com/track/7AWtaOSb7cgi16wJr3mkuf
133,"Strawberries & Cigarettes","Troye Sivan",24569,https://open.spotify.com/track/2z7UKVsBdbA7HFPunDKDP4
134,"Sincerity Is Scary","The 1975",24561,https://open.spotify.com/track/6HguG9HRb1Ke1bhihfE4m8
135,IDGAF,"Dua Lipa",24445,https://open.spotify.com/track/76cy1WJvNGJTj78UqeA5zr
136,Shallow,"Lady Gaga",24383,https://open.spotify.com/track/2VxeLyX666F8uXCJ0dZF8B
137,"Galaxy (feat. Kob The X Factor)","D Gerrard",24359,https://open.spotify.com/track/0yO5RrszdEpqXhDwyhP6nX
138,"What is Love?",TWICE,24149,https://open.spotify.com/track/5Ek40FyMPprcvtyZDjqylX
139,Smoke,"Violette Wautier",24113,https://open.spotify.com/track/4QWno5VXD5LMpoQQlNrJNQ
140,IDOL,BTS,23940,https://open.spotify.com/track/03iCbZaM4OkRR4We6wIzvx
141,"SICKO MODE","Travis Scott",23838,https://open.spotify.com/track/2xLMifQCjDGFmkHkpNLD9h
142,"The Middle",Zedd,23747,https://open.spotify.com/track/09IStsImFySgyp0pIQdqAc
143,"MIA (feat. Drake)","Bad Bunny",23725,https://open.spotify.com/track/116H0KvKr2Zl4RPuVBruDO
144,"Too Good At Goodbyes","Sam Smith",23700,https://open.spotify.com/track/1mXVgsBdtIVeCLJnSnmtdV
145,กำลังจะ,Illslick,23580,https://open.spotify.com/track/18kwPdB3Bx8n9Mk4YsO6LT
146,Havana,"Camila Cabello",23493,https://open.spotify.com/track/1rfofaqEpACxVEHIZBJe6W
147,หมายความว่าอะไร,MEAN,23080,https://open.spotify.com/track/63rLjQUFTxemPqACev1by7
148,"Nothing Breaks Like a Heart (feat. Miley Cyrus)","Mark Ronson",23021,https://open.spotify.com/track/27rdGxbavYJeBphck5MZAF
149,"Different World (feat. CORSAK)","Alan Walker",23017,https://open.spotify.com/track/1ynVxkQjPcDRlJwYkApoNy
150,"Only Want You","Rita Ora",22949,https://open.spotify.com/track/2CTN6UuO2dNEVZXR0DJVk2
151,4:00,"The Toys",22943,https://open.spotify.com/track/1PGNDa8dIRkOQ6VLvNHRdw
152,แค่เพียงฉัน(ที่ไม่ลืม),"Earth Patravee",22941,https://open.spotify.com/track/1SCRT8WbB4TdiXwvtzMnpL
153,รู้ทั้งรู้,OG-ANIC,22840,https://open.spotify.com/track/0KnDJSGxu03x8idlKLKKki
154,Attention,"Charlie Puth",22779,https://open.spotify.com/track/5cF0dROlMOK5uNZtivgu50
155,Lullaby,GOT7,22767,https://open.spotify.com/track/1aDarBap4uQgOt9k4fxWd8
156,ใจบาง,Sirpoppa,22721,https://open.spotify.com/track/4mIRbmg7ACPCQYAM6y4LQN
157,เป็นทุกอย่าง,"Room 39",22641,https://open.spotify.com/track/0lQWN4uo1PCdzrxEZJM95P
158,"Better To Lie (with Jesse & Swae Lee)","benny blanco",22435,https://open.spotify.com/track/61sqsOPon94ecMskeEXwev
159,"SEE U LATER - KR Ver.",BLACKPINK,22407,https://open.spotify.com/track/514mQDPkXmPzsYwGNmkBJZ
160,Escape,"Moving and Cut",22349,https://open.spotify.com/track/3QNcZFnVawSjecRnWDd15O
161,Butterflies,"Red Velvet",22117,https://open.spotify.com/track/0cZMA3EdKJKrKoGQEeMhFJ
162,Photograph,"Ed Sheeran",22034,https://open.spotify.com/track/6fxVffaTuwjgEk5h9QyRjy
163,ฝืนตัวเองไม่เป็น,"Non Tanon",21982,https://open.spotify.com/track/5AwQir16Hh3nHBLyGuhTjU
164,LATATA,(G)I-DLE,21925,https://open.spotify.com/track/2ezKXygNO30pXyDQXkm6oD
165,"Lover Boy","Phum Viphurit",21886,https://open.spotify.com/track/2rd4FH1cSaWGc0ZiUaMbX9
166,"ZEZE (feat. Travis Scott & Offset)","Kodak Black",21727,https://open.spotify.com/track/7l3E7lcozEodtVsSTCkcaA
167,ไวน์,"Max Jenmana",21704,https://open.spotify.com/track/00Hj710RrsLX5s9bothwlW
168,"피카부 Peek-A-Boo","Red Velvet",21591,https://open.spotify.com/track/42tFTth2jcF7iSo0RBjfJF
169,"Best Part",H.E.R.,21504,https://open.spotify.com/track/4OBZT9EnhYIV17t4pGw7ig
170,เกาะสวาทหาดสวรรค์,"Gavin D",21456,https://open.spotify.com/track/193BjzeSedC42I3ydg1SyF
171,"BBoom BBoom",MOMOLAND,21413,https://open.spotify.com/track/3BPoSr2pO34Aan6alFfVto
172,ถ้าฉันหายไป(Skyline),"Earth Patravee",21407,https://open.spotify.com/track/0goff2JabkZTEq1yKeyoM8
173,ลืมไปก่อน,"Buddha Bless",21203,https://open.spotify.com/track/4FqihJCXbisi7QYobU7ff6
174,ถ้าหาก,"Two Popetorn",21180,https://open.spotify.com/track/3o5FB7uyNadcadhKe3GP32
175,"In My Feelings",Drake,20995,https://open.spotify.com/track/2G7V7zsVDxg1yRsu7Ew9RJ
176,Egotistic,Mamamoo,20944,https://open.spotify.com/track/5Z4aqpT39KpY8gbHoJWdou
177,มันเป็นใคร,Polycat,20942,https://open.spotify.com/track/4PXdOchDL7aUZghQobIlhX
178,รถคันเก่า,"Atom Chanakan",20882,https://open.spotify.com/track/5tYSThnYOKQCEjtvFiGcL0
179,Shine,PENTAGON,20872,https://open.spotify.com/track/7nkp1uuSbKkoxMvEs8cSw0
180,เวลาเธอยิ้ม,Polycat,20808,https://open.spotify.com/track/06DPpk0hUJEgpzl5cuWNI6
181,"I Feel It Coming","The Weeknd",20725,https://open.spotify.com/track/5GXAXm5YOmYT0kL5jHvYBt
182,Starboy,"The Weeknd",20637,https://open.spotify.com/track/7MXVkk9YMctZqd1Srtv4MB
183,เจ็บจนไม่เข้าใจ,PORTRAIT,20519,https://open.spotify.com/track/4URCEQmgwuwaHiySIqGmIa
184,ยังไง,Ninja,20408,https://open.spotify.com/track/55qYCDL74valBWZQQQccW2
185,หมดรัก,Ironboy,20397,https://open.spotify.com/track/1Yadmrhm2j3yzJ3exaDwwQ
186,รอยยิ้ม,Scrubb,20197,https://open.spotify.com/track/6ezEwX2eZRZlioqYaUPOKX
187,ยังไม่รู้,"Better Weather",20161,https://open.spotify.com/track/2OQQPlUlrSKu2nOPMwTS2c
188,FOLLOWERS,"fellow fellow",20158,https://open.spotify.com/track/5lyB7wS4hQhK0FeFLJWfpQ
189,Thunder,"Imagine Dragons",20140,https://open.spotify.com/track/1zB4vmk8tFRmM9UULNzbLB
190,อยากเจอ,P.O.P,19886,https://open.spotify.com/track/6cj9e4aSjz130UUZPrcmsN
191,เกลียด,"The Yers",19685,https://open.spotify.com/track/41vKbXPhcMVyb3WCWQwsfl
192,ครั้งสุดท้าย,OG-ANIC,19679,https://open.spotify.com/track/1DPrXncHEnR0141ct0DF06
193,หยุดทีได้ไหม,"Aof Pongsak",19669,https://open.spotify.com/track/0VGFZASRlYIirofVJQjIFj
194,breathin,"Ariana Grande",19622,https://open.spotify.com/track/4OafepJy2teCjYJbvFE60J
195,Gashina,SUNMI,19558,https://open.spotify.com/track/0jFHMDRXxKaREor3hBEEST
196,"God is a woman","Ariana Grande",19501,https://open.spotify.com/track/5OCJzvD7sykQEKHH7qAC3C
197,"Wake Up in the Sky","Gucci Mane",19494,https://open.spotify.com/track/0QIjsbm2fh1cJ45XO9eGqq
198,"빨간 맛 Red Flavor","Red Velvet",19466,https://open.spotify.com/track/7nKQ5WAcjnG48knyLuo8gO
199,"Be Alright","Dean Lewis",19436,https://open.spotify.com/track/3EPXxR3ImUwfayaurPi3cm
200,ยังคิดถึง...(Same),"Marc Tatchapon",19371,https://open.spotify.com/track/1OlInnJssr9pXY0Ooa0SDT
