1,ภาพจำ,"Pop Pongkool",89781,https://open.spotify.com/track/4YRpjJaJpiI36HM36Dn5lS
2,"no tears left to cry","Ariana Grande",80595,https://open.spotify.com/track/5SxkdsY1ufZzoq9iXceLw9
3,นอนได้แล้ว,"Fukking Hero",75876,https://open.spotify.com/track/5JhLoyD2idGlKXwD9nmYuB
4,"Good Morning Teacher","Atom Chanakan",70387,https://open.spotify.com/track/4AsE3bvoh6yuZls617lj4Z
5,ถ้าฉันหายไป(Skyline),"Earth Patravee",65893,https://open.spotify.com/track/0goff2JabkZTEq1yKeyoM8
6,"Let Me",ZAYN,63208,https://open.spotify.com/track/7Fg342AJtNsIDdwCfX0paC
7,"Psycho (feat. Ty Dolla $ign)","Post Malone",62968,https://open.spotify.com/track/3swc6WTsr7rl9DqQKQA55C
8,"Strawberries & Cigarettes","Troye Sivan",61959,https://open.spotify.com/track/2z7UKVsBdbA7HFPunDKDP4
9,คนที่ไม่ใช่,O-Pavee,60415,https://open.spotify.com/track/76rs0Apd4Ct5LwJm8pB6r1
10,"The Middle",Zedd,56857,https://open.spotify.com/track/2ARqIya5NAuvFVHSN3bL0m
11,หมอกร้าย,Lipta,56578,https://open.spotify.com/track/0EYgFMIXhjcFgX6xe2NY9v
12,"อยู่ดีๆก็… (feat. Youngohm)",Wonderframe,56571,https://open.spotify.com/track/0b9JDLbAgCazIwPSWj6DNL
13,FRIENDS,Marshmello,56507,https://open.spotify.com/track/08bNPGLD8AhKpnnERrAc6G
14,04:00,"The Toys",53042,https://open.spotify.com/track/3h7TbK7x7yxJavEZydbOzX
15,"Day 1 ◑",HONNE,52113,https://open.spotify.com/track/7AWZvcyaSBxRzaBJcHf9XL
16,ร้อยล้านวิว,Stamp,51461,https://open.spotify.com/track/2KKwNFzypGehPrAZCKc1HW
17,"คิดถึงจัง (มาหาหน่อย)","Oat Pramote",50713,https://open.spotify.com/track/63quSq4p0NagZdZI3ttb4f
18,รู้ดีว่าไม่ดี,Getsunova,50036,https://open.spotify.com/track/37LAaRNSnB6b1T2ckX6VSk
19,"ของขวัญ - Cover Version","The Toys",46479,https://open.spotify.com/track/72bifeUJaxwOtGjGiVqAeB
20,ผิดที่ฉัน,60Miles,46454,https://open.spotify.com/track/65SM4x81LohlqhSVFqITWd
21,"Better Now","Post Malone",46084,https://open.spotify.com/track/7dt6x5M1jzdTEt8oCbisTK
22,พอจะรู้,meyou.,44708,https://open.spotify.com/track/4p4SOBQ0fxHYluEcba6Xrq
23,Delicate,"Taylor Swift",43777,https://open.spotify.com/track/6NFyWDv5CjfwuzoCkw47Xf
24,"One Kiss (with Dua Lipa)","Calvin Harris",43634,https://open.spotify.com/track/7ef4DlsgrMEH11cDZd32M6
25,"Galaxy (feat. Kob The X Factor)","D Gerrard",43220,https://open.spotify.com/track/0yO5RrszdEpqXhDwyhP6nX
26,IDGAF,"Dua Lipa",42457,https://open.spotify.com/track/76cy1WJvNGJTj78UqeA5zr
27,"พริบตา x STAMP","Bird Thongchai",41937,https://open.spotify.com/track/20Tl8mWZhryG75y3nqnlKE
28,"Call Out My Name","The Weeknd",41458,https://open.spotify.com/track/1gm616Plq4ScqNi7TVkZ5N
29,เกลียด,"The Yers",41273,https://open.spotify.com/track/6iXBlrBFuV6W3jExGuWy6f
30,"555 (ToT)",Wonderframe,41071,https://open.spotify.com/track/5LcwUVWyRxuOfSawnKlbBV
31,Mine,Bazzi,40025,https://open.spotify.com/track/7uzmGiiJyRfuViKKK3lVmR
32,ฝันฤดูร้อน,"The Toys",39977,https://open.spotify.com/track/03UCygRxVwn1CyFEA7fiTV
33,"Freaky Friday (feat. Chris Brown)","Lil Dicky",39124,https://open.spotify.com/track/10Igtw8bSDyyFs7KIsKngZ
34,Somebody,"The Chainsmokers",38669,https://open.spotify.com/track/3pWcj8hxj3fsb9TDAcMpEl
35,"All The Stars (with SZA)","Kendrick Lamar",38655,https://open.spotify.com/track/3GCdLUSnKSMJhs4Tj6CV3s
36,"In My Blood","Shawn Mendes",38552,https://open.spotify.com/track/79jX8RM5CgPqDKdGEKNW9K
37,คิดถึงเสมอ,Lipta,38131,https://open.spotify.com/track/7dfs4SVfLPVORzjmYYqorK
38,อย่าบอก,"Atom Chanakan",37781,https://open.spotify.com/track/3CrDt4x72gWHaglwnM0CAH
39,TOY,"The Toys",37075,https://open.spotify.com/track/2Es5K3EnKVXsGqU8PtZLEL
40,"Love Lies (with Normani)",Khalid,35768,https://open.spotify.com/track/45Egmo7icyopuzJN0oMEdk
41,ที่เก่า,"Marc Tatchapon",33562,https://open.spotify.com/track/0xBShp4NOIh5ChC55Xj0zz
42,"Paris in the Rain",Lauv,33500,https://open.spotify.com/track/0RGUIOZtmOXTWOy5EjvQbP
43,มะงึกๆอุ๋งๆ,"Ornly You",32686,https://open.spotify.com/track/3Wz7m9QeE8EAfpg98uxhRk
44,2002,Anne-Marie,32335,https://open.spotify.com/track/6SFStUDQZNaGPKWOx9ZiJB
45,ฝืนตัวเองไม่เป็น,"Non Tanon",31850,https://open.spotify.com/track/0FlZM6SFefxfXzX68IpVxb
46,ไม่เหมือนใคร,"D Gerrard",31744,https://open.spotify.com/track/39Mg8slCqS2tyaZUZ1cQ1M
47,OTW,Khalid,30518,https://open.spotify.com/track/6Hgh47WXVKtXN5zGOu0hjI
48,"Capital Letters","Hailee Steinfeld",30418,https://open.spotify.com/track/3towKHKVOXCCcL1fHv6xFO
49,เห็นฉันไหม,B5,30409,https://open.spotify.com/track/29gzHYQ0fDI4Nobkaye6Ik
50,Havana,"Camila Cabello",29418,https://open.spotify.com/track/1rfofaqEpACxVEHIZBJe6W
51,พอ,"Atom Chanakan",28697,https://open.spotify.com/track/72KOmS4Af9IEFsT87TK1VQ
52,"Playinwitme (feat. Kehlani)",KYLE,26659,https://open.spotify.com/track/43cFjTTCD9Cni4aSL0sORz
53,"ปลายทางคือคุณ (Sound of Places)","Violette Wautier",26640,https://open.spotify.com/track/4HtRmWBXEwvTkdFbUc3no5
54,"Me & You ◑",HONNE,26617,https://open.spotify.com/track/2mDeWOqdFJLV2zsrTCPG0T
55,"Done For Me (feat. Kehlani)","Charlie Puth",25835,https://open.spotify.com/track/76S09sHj7GGMJAtOLjmVQ2
56,Drive,"Violette Wautier",25727,https://open.spotify.com/track/1y2ENgtP8xO2TGfcgqTRWm
57,ควันเหงา,"Opor Praput",25514,https://open.spotify.com/track/6a35EmpHEmpvzlMPZqI5Kw
58,"That's What I Like","Bruno Mars",25419,https://open.spotify.com/track/0KKkJNfGyhkQ5aFogxQAPU
59,Alien,"Sabrina Carpenter",25215,https://open.spotify.com/track/0RUTnY2B3s05fZuCHsNaUP
60,Flames,"David Guetta",24903,https://open.spotify.com/track/33IOhptvC2Qoy2UhjiHXLV
61,"Young Dumb & Broke",Khalid,24807,https://open.spotify.com/track/5Z3GHaZ6ec9bsiI5BenrbY
62,"These Days (feat. Jess Glynne, Macklemore & Dan Caplen)",Rudimental,24784,https://open.spotify.com/track/5CLGzJsGqhCEECcpnFQA8x
63,"Have It All","Jason Mraz",24596,https://open.spotify.com/track/1pIMxRddmCGalHnRbLFkWg
64,"God's Plan",Drake,24576,https://open.spotify.com/track/2XW4DbS6NddZxRPm5rMCeY
65,ใส่ใจ,"ตูน อาทิวราห์",23524,https://open.spotify.com/track/1E0TFvBj3WqdxDTt7Lwe5j
66,เจ็บจนไม่เข้าใจ,PORTRAIT,23333,https://open.spotify.com/track/4URCEQmgwuwaHiySIqGmIa
67,Thunder,"Imagine Dragons",23201,https://open.spotify.com/track/26gceVsA1ybT8qsX3aYLEn
68,"Chasing Fire",Lauv,22510,https://open.spotify.com/track/1xy4apMFecGGkgBeaHFZ2M
69,"Nice For What",Drake,22357,https://open.spotify.com/track/1cTZMwcBJT0Ka3UJPXOeeN
70,Youngblood,"5 Seconds of Summer",22309,https://open.spotify.com/track/55S2PQgSMYAhgoTCcGCDfw
71,Paranoid,"Post Malone",22303,https://open.spotify.com/track/3fpVWegR6YOS1Yk5HSMYIq
72,"What is Love?",TWICE,22162,https://open.spotify.com/track/2PhG74FocRobLC8pP9cIBI
73,ทรมานตัวเอง,"Bell Supol",22021,https://open.spotify.com/track/5lRwWrPogCyocSL7SYogg8
74,Shonichi,BNK48,21309,https://open.spotify.com/track/74sRRQQx5eRdYSA7eaBjvU
75,โลกที่ไม่มีเธอ,PORTRAIT,21042,https://open.spotify.com/track/0fSl800MbFmlLs1aUxx7Z2
76,"How Long","Charlie Puth",20748,https://open.spotify.com/track/32DGGj6KlNuBr6WaqRxpxi
77,"Remind Me to Forget",Kygo,20654,https://open.spotify.com/track/6xTU6B6nFwKKTSZ9ySXS80
78,"rockstar (feat. 21 Savage)","Post Malone",20543,https://open.spotify.com/track/0e7ipj03S05BNilyu5bRzt
79,หน้าหนาวที่แล้ว,"The Toys",20265,https://open.spotify.com/track/5mVeBv0bUZPJU7kPZcm594
80,"ทุกสิ่ง (original by PRU)","Image Suthita",20219,https://open.spotify.com/track/0CZ2Z36kfslHCi4Nq8Wa6v
81,"LOVE SCENARIO",iKON,20212,https://open.spotify.com/track/6qAzAmPBUpGrk7XADZHR5k
82,"รักน้องคนเดียวววว - เพลงประกอบภาพยนตร์ น้อง.พี่.ที่รัก",UrboyTJ,20187,https://open.spotify.com/track/1vYMSUrfHxmF4r5zPtdqEe
83,Perfect,"Ed Sheeran",19950,https://open.spotify.com/track/0tgVpDi06FyKpA1z0VMD4v
84,ผู้ช่วยที่ดีที่สุด,Polycat,19632,https://open.spotify.com/track/6dZzTJXuTR2WWtGOvHutOU
85,"Bad Boy","Red Velvet",19626,https://open.spotify.com/track/5GKwq4sO5ZHKuWaDmdwMQc
86,1950,"King Princess",19557,https://open.spotify.com/track/0CZ8lquoTX2Dkg7Ak2inwA
87,"Koisuru Fortune Cookie คุกกี้เสี่ยงทาย",BNK48,19521,https://open.spotify.com/track/5OzKApzqDkOVg4P5jQlD8J
88,Flower,"Twopee Southside",19515,https://open.spotify.com/track/3Z1A584gUX1pxdlG3Oo8WT
89,"จังหวะจะรัก - From “Heartbeat” Original Soundtrack","Violette Wautier",19378,https://open.spotify.com/track/1ux0god9zERqovPLrzRdBT
90,"Too Good At Goodbyes","Sam Smith",19287,https://open.spotify.com/track/1mXVgsBdtIVeCLJnSnmtdV
91,"I Wanna Know (feat. Bea Miller)",NOTD,19216,https://open.spotify.com/track/2og9I9rQwr2XdTLJUupfT1
92,ไวน์,"Max Jenmana",18664,https://open.spotify.com/track/00Hj710RrsLX5s9bothwlW
93,"There for You","Martin Garrix",18623,https://open.spotify.com/track/6Jl4RXW8Nyx8dyohnihJeT
94,"Versace On The Floor","Bruno Mars",18423,https://open.spotify.com/track/0kN8xEmgMW9mh7UmDYHlJP
95,"New Rules","Dua Lipa",18396,https://open.spotify.com/track/2ekn2ttSfGqwhhate0LSR0
96,"lovely (with Khalid)","Billie Eilish",18090,https://open.spotify.com/track/0u2P5u6lvoDfwTYjAADbn4
97,"Shape of You","Ed Sheeran",17935,https://open.spotify.com/track/7qiZfU4dY1lWllzX7mPBI3
98,"BBoom BBoom",MOMOLAND,17785,https://open.spotify.com/track/3BPoSr2pO34Aan6alFfVto
99,"ฝัง (ใน) ใจ",ETC.,17777,https://open.spotify.com/track/2sO402csNLrYEpiJXlZUCD
100,วันหนึ่งฉันเดินเข้าป่า,"Max Jenmana",17666,https://open.spotify.com/track/46upHQ13xvw1y7ykEJpWU5
101,"24K Magic","Bruno Mars",17477,https://open.spotify.com/track/6b8Be6ljOzmkOmFslEb23P
102,"ปล่อย (Miss)","Clockwork Motionless",17180,https://open.spotify.com/track/7ihijRsdyrrQQR2iwSdibF
103,"Getting Over You",Lauv,17167,https://open.spotify.com/track/2BNkTvg1kHAAfGvqh56x5a
104,เป็นทุกอย่าง,"Room 39",17156,https://open.spotify.com/track/09zqmrjQokoAfQJ1WeLkFK
105,Miracle,CHVRCHES,17064,https://open.spotify.com/track/43oX6qFdj2bHGeWzPps3rs
106,Wolves,"Selena Gomez",16940,https://open.spotify.com/track/7EmGUiUaOSGDnUUQUDrOXC
107,"Back to You (feat. Bebe Rexha & Digital Farm Animals)","Louis Tomlinson",16847,https://open.spotify.com/track/7F9vK8hNFMml4GtHsaXui6
108,ใช่หรือเปล่า,"เต้ ดาวิชญ์ กรีพลฤกษ์",16845,https://open.spotify.com/track/2SoropeYCGbI2G2yYF57gG
109,Familiar,"Liam Payne",16627,https://open.spotify.com/track/0Y4hwUppbGc8aIBmiTz30A
110,"Finesse (Remix) [feat. Cardi B]","Bruno Mars",16311,https://open.spotify.com/track/3Vo4wInECJQuz9BIBMOu8i
111,ถอนหายใจ,Mild,16216,https://open.spotify.com/track/1rve7sIFz7JVxwfrisKyP3
112,"I Like It","Cardi B",16012,https://open.spotify.com/track/58q2HKrzhC3ozto2nDdN4z
113,"Never Be the Same","Camila Cabello",15998,https://open.spotify.com/track/4eWQlBRaTjPPUlzacqEeoQ
114,ออเจ้าเอย,"Pete Pol",15931,https://open.spotify.com/track/0vDO51gqh14Pq5gDdHBoKO
115,"Like I Do","David Guetta",15928,https://open.spotify.com/track/6RnkFd8Fqqgk1Uni8RgqCQ
116,Stay,"Post Malone",15861,https://open.spotify.com/track/4H7WNRErSbONkM06blBoGc
117,รักโกรธ,"Season Five",15826,https://open.spotify.com/track/1rVsQiBov0b97U5ccZr0ty
118,"รู้ยัง - Acoustic Live Session","Ton Thanasit",15708,https://open.spotify.com/track/6ZKJbL6CkzpDDYeY2SPjeQ
119,"Wake Me Up - Radio Edit",Avicii,15442,https://open.spotify.com/track/6g1NlCpW7fgqDnWbCCDrHl
120,"Drink About",Seeb,15143,https://open.spotify.com/track/2GGGm4MLQynB3I4E4ycIYC
121,รักตัวเอง,"Room 39",15116,https://open.spotify.com/track/2rEV4Q9fHqZbecnNKHYoMJ
122,Happier,"Ed Sheeran",14979,https://open.spotify.com/track/2RttW7RAu5nOAfq6YFvApB
123,"You Are The Reason","Calum Scott",14909,https://open.spotify.com/track/2VgJDTfkuwlm7WIHnvtRCQ
124,"Perfect Duet (Ed Sheeran & Beyoncé)","Ed Sheeran",14864,https://open.spotify.com/track/1bhUWB0zJMIKr9yVPrkEuI
125,เผด็จเกิร์ล,"Tattoo Colour",14809,https://open.spotify.com/track/6dnXdI7OhOJYvVjlT6pR03
126,"Spoil My Night (feat. Swae Lee)","Post Malone",14793,https://open.spotify.com/track/5VuxWXbt7XENQCtE9TzpTv
127,อย่าร้องไห้,"Singto Numchok",14497,https://open.spotify.com/track/35RcEYppiNqGe47xddsFix
128,"Say You Won't Let Go","James Arthur",14421,https://open.spotify.com/track/5uCax9HTNlzGybIStD3vDh
129,"Meant to Be (feat. Florida Georgia Line)","Bebe Rexha",14414,https://open.spotify.com/track/7iDa6hUg2VgEL1o1HjmfBn
130,"As If It's Your Last",BLACKPINK,14323,https://open.spotify.com/track/1Zyd6zQnC6XIIzmg3hP7Ot
131,Attention,"Charlie Puth",14248,https://open.spotify.com/track/4iLqG9SeJSnt0cSPICSjxv
132,EVERYDAY,WINNER,14246,https://open.spotify.com/track/42rziXmwGA04hNSMi2MliA
133,"Without You (feat. Sandro Cavazza)",Avicii,14233,https://open.spotify.com/track/6WbADFqMvR8N5u0BvtsWQE
134,Photograph,"Ed Sheeran",14174,https://open.spotify.com/track/6fxVffaTuwjgEk5h9QyRjy
135,"Pray For Me (with Kendrick Lamar)","The Weeknd",14093,https://open.spotify.com/track/4ofvoCdXq99vpMZO4Cfp8x
136,BOSS,NCT,13957,https://open.spotify.com/track/0ErzcmZ2gIwX7X0xSMQPix
137,สารภาพ,Playground,13758,https://open.spotify.com/track/4Gjl7Z9S2LZEnWLeqQh67K
138,"I Like Me Better",Lauv,13565,https://open.spotify.com/track/1wjzFQodRWrPcQ0AnYnvQ9
139,ใครคือเรา,Bodyslam,13495,https://open.spotify.com/track/1kkkixB3Ids34krb3rqBID
140,ลืมไปก่อน,"Buddha Bless",13270,https://open.spotify.com/track/6Rpj87GuuE59nij1NVmpzD
141,อธิษฐาน,Prem,13267,https://open.spotify.com/track/74p4LbrOxxxzM2xKokMk2x
142,"Just The Way You Are","Bruno Mars",13250,https://open.spotify.com/track/7BqBn9nzAq8spo5e7cZ0dJ
143,"One I Love",BATE,13198,https://open.spotify.com/track/7yqkSfpsdd0R1mMlOQ7t3b
144,PLEASE,"Atom Chanakan",13182,https://open.spotify.com/track/60hF3gZXQ33xdAXXk6tE1x
145,"Drunk On You",Zookeepers,12999,https://open.spotify.com/track/25HWrN7rPVMy7r7JlYZvsC
146,รถคันเก่า,"Atom Chanakan",12998,https://open.spotify.com/track/5tYSThnYOKQCEjtvFiGcL0
147,"Best Part",H.E.R.,12921,https://open.spotify.com/track/4OBZT9EnhYIV17t4pGw7ig
148,"นี่แหละความรัก (This is Love)","Peck Palitchoke",12910,https://open.spotify.com/track/13jEKU2J3JJPe3tpo8p4vY
149,เหมือนในวันเก่า,KLEAR,12859,https://open.spotify.com/track/5YFjjpnRuzrewr7n5ynrSt
150,"Change Your Mind",ELI,12798,https://open.spotify.com/track/4kOlyvj9WiPrI4zpmzKAeA
151,ยังคิดถึง...(Same),"Marc Tatchapon",12790,https://open.spotify.com/track/1OlInnJssr9pXY0Ooa0SDT
152,พบกันใหม่,Polycat,12680,https://open.spotify.com/track/4IKn1t0eZZzF5mji1vraVI
153,"Space For Two","Mr. Probz",12657,https://open.spotify.com/track/2vNyWYQtbrgOKcSG64SZMJ
154,รอยยิ้ม,Scrubb,12629,https://open.spotify.com/track/6ezEwX2eZRZlioqYaUPOKX
155,เมื่อวาน,"Oat Pramote",12593,https://open.spotify.com/track/0ZQoB8rzr8sK2Jvkc7rkfT
156,Closer,"The Chainsmokers",12472,https://open.spotify.com/track/7BKLCZ1jbUBVqRi2FVlTVw
157,"Something Just Like This","The Chainsmokers",12379,https://open.spotify.com/track/6RUKPb4LETWmmr3iAEQktW
158,ยังไม่รู้,"Better Weather",12366,https://open.spotify.com/track/5Ql75hmHV5wZZAPArtcMen
159,KOD,"J. Cole",12275,https://open.spotify.com/track/7yotKA30dwTKNEGomV9ZsI
160,เราไม่รู้จักกัน,Lula,12263,https://open.spotify.com/track/4uV4LZsIGnl7hqEOlGJWj3
161,"We Do (feat. Miranda Glory)",R3HAB,12188,https://open.spotify.com/track/3roMGtDfleE2N8M56E2WFs
162,"I'm Yours","Jason Mraz",12124,https://open.spotify.com/track/3S0OXQeoh0w6AY8WQVckRW
163,ความจริง,"Room 39",12063,https://open.spotify.com/track/3qT4oTj72oPPbS9d1OdB7M
164,SAD!,XXXTENTACION,12026,https://open.spotify.com/track/3ee8Jmje8o58CHK66QrVC2
165,เพื่อนรัก,"The Parkinson",12018,https://open.spotify.com/track/02ILnpL8IvIa9IQX7sSO9I
166,"Bye Bye",P-Hot,11955,https://open.spotify.com/track/08oX4H0Td1Fza9eBXzmojN
167,Restart,"Room 39",11955,https://open.spotify.com/track/5gtXv0Ir0eolOIeDulhNZO
168,Nevermind,"Dennis Lloyd",11874,https://open.spotify.com/track/63SevszngYpZOwf63o61K4
169,"Bad Luck",Lipta,11759,https://open.spotify.com/track/2NsA7Fkd0hRQBS52GLeRAf
170,"Baby Don’t Stop",NCT,11682,https://open.spotify.com/track/1EYSS9Lp7a9f20C3FaOVgI
171,ถอย,Gliss,11665,https://open.spotify.com/track/3nJlzw6Gn33fitnoxJtLSj
172,"All Falls Down (feat. Juliander)","Alan Walker",11508,https://open.spotify.com/track/5yFSF6qQA1rcLsQRnBsZgb
173,Stay,Zedd,11466,https://open.spotify.com/track/0I20rLT2MJDhcF96AjbNYo
174,DNA,BTS,11424,https://open.spotify.com/track/5SE57ljOIUJ1ybL9U6CuBH
175,Sniper,"Folly Rae",11381,https://open.spotify.com/track/6YKtXMb7DISTUfYjSSPsEq
176,เรื่องที่ขอ,Lula,11349,https://open.spotify.com/track/6ZDl7YLiNjey9VOdEM3pok
177,"I Just Wanna Go Back ◐",HONNE,11329,https://open.spotify.com/track/6VxYsn12cw9m9iQwCxmkJ0
178,ปล่อย,"Pop Pongkool",11312,https://open.spotify.com/track/5eVmR3LXaUuJ4dgXfwcvsx
179,"Dusk Till Dawn - Radio Edit",ZAYN,11308,https://open.spotify.com/track/1j4kHkkpqZRBwE0A4CN4Yv
180,Naked,"James Arthur",11294,https://open.spotify.com/track/7krbSH3rd8lhIZvuzTV3Bl
181,"Ball For Me (feat. Nicki Minaj)","Post Malone",11230,https://open.spotify.com/track/6IaieqiCVvsNvEt6Y7yOFa
182,"Spring Day",BTS,11183,https://open.spotify.com/track/0WNGsQ1oAuHzNTk8jivBKW
183,คนที่คุณก็รู้ว่าใคร,Stamp,11166,https://open.spotify.com/track/3usWyH1du9AWTTxUIMOh79
184,Chunky,"Bruno Mars",11128,https://open.spotify.com/track/0mBKv9DkYfQHjdMcw2jdyI
185,ทำไมต้องรักเธอ,"Earn Piyada",11116,https://open.spotify.com/track/5IWMAHpNDXeKH0aZ0YHY70
186,"When I Was Your Man","Bruno Mars",11053,https://open.spotify.com/track/0B7wvvmu9EISAwZnOpjhNI
187,ถ้าเธอต้องเลือก,Illslick,11018,https://open.spotify.com/track/5Of65kRDivh4UHG3SG5Iad
188,"Ko Ko Bop",EXO,11009,https://open.spotify.com/track/5EzitieoPnjyKHAq0gfRMa
189,Believer,"Imagine Dragons",10987,https://open.spotify.com/track/7Izh7zLJGw1Nscd62Exxj4
190,ร่มสีเทา,Whatcharawale,10984,https://open.spotify.com/track/6z56u8jPSSroDFrJVD5cMf
191,"Let Me Go (with Alesso, Florida Georgia Line & watt)","Hailee Steinfeld",10978,https://open.spotify.com/track/5AEtlRudpgdT5FtNiuly6Y
192,"Labelle - Acoustic","Telex Telexs",10971,https://open.spotify.com/track/55dOUAyuTB3QWo5sKrpsFv
193,"Rich & Sad","Post Malone",10818,https://open.spotify.com/track/2VdT56BGpdqNHUgOe1j5vc
194,"You're Not Missing Me","Chelsea Cutler",10794,https://open.spotify.com/track/7ahYQRrOQSXJ5OhsLnpfU8
195,"Thinking Out Loud","Ed Sheeran",10749,https://open.spotify.com/track/1Slwb6dOYkBlWal1PGtnNg
196,กะทันหัน,"Fymme Bongkot",10671,https://open.spotify.com/track/71rZCPjOAU8WBlXYPHNgRu
197,"빨간 맛 Red Flavor","Red Velvet",10664,https://open.spotify.com/track/7nKQ5WAcjnG48knyLuo8gO
198,"Look Alive (feat. Drake)","BlocBoy JB",10628,https://open.spotify.com/track/4qKcDkK6siZ7Jp1Jb4m0aL
199,Energetic,"Wanna One",10508,https://open.spotify.com/track/3NkkcnnKrNHv4AiGaPdD76
200,"Walk It Talk It",Migos,10494,https://open.spotify.com/track/6n4U3TlzUGhdSFbUUhTvLP
1,ภาพจำ,"Pop Pongkool",97792,https://open.spotify.com/track/4YRpjJaJpiI36HM36Dn5lS
2,นอนได้แล้ว,"Fukking Hero",83511,https://open.spotify.com/track/5JhLoyD2idGlKXwD9nmYuB
3,"Good Morning Teacher","Atom Chanakan",82053,https://open.spotify.com/track/4AsE3bvoh6yuZls617lj4Z
4,"no tears left to cry","Ariana Grande",70814,https://open.spotify.com/track/5SxkdsY1ufZzoq9iXceLw9
5,ถ้าฉันหายไป(Skyline),"Earth Patravee",69181,https://open.spotify.com/track/0goff2JabkZTEq1yKeyoM8
6,"Better Now","Post Malone",66013,https://open.spotify.com/track/7dt6x5M1jzdTEt8oCbisTK
7,คนที่ไม่ใช่,O-Pavee,65530,https://open.spotify.com/track/76rs0Apd4Ct5LwJm8pB6r1
8,หมอกร้าย,Lipta,63365,https://open.spotify.com/track/0EYgFMIXhjcFgX6xe2NY9v
9,"Strawberries & Cigarettes","Troye Sivan",62906,https://open.spotify.com/track/2z7UKVsBdbA7HFPunDKDP4
10,"Let Me",ZAYN,62501,https://open.spotify.com/track/7Fg342AJtNsIDdwCfX0paC
11,"The Middle",Zedd,57250,https://open.spotify.com/track/2ARqIya5NAuvFVHSN3bL0m
12,"Psycho (feat. Ty Dolla $ign)","Post Malone",56585,https://open.spotify.com/track/3swc6WTsr7rl9DqQKQA55C
13,FRIENDS,Marshmello,56325,https://open.spotify.com/track/08bNPGLD8AhKpnnERrAc6G
14,"อยู่ดีๆก็… (feat. Youngohm)",Wonderframe,55860,https://open.spotify.com/track/0b9JDLbAgCazIwPSWj6DNL
15,04:00,"The Toys",55731,https://open.spotify.com/track/3h7TbK7x7yxJavEZydbOzX
16,ร้อยล้านวิว,Stamp,54974,https://open.spotify.com/track/2KKwNFzypGehPrAZCKc1HW
17,"คิดถึงจัง (มาหาหน่อย)","Oat Pramote",54356,https://open.spotify.com/track/63quSq4p0NagZdZI3ttb4f
18,"One Kiss (with Dua Lipa)","Calvin Harris",51698,https://open.spotify.com/track/7ef4DlsgrMEH11cDZd32M6
19,รู้ดีว่าไม่ดี,Getsunova,51687,https://open.spotify.com/track/37LAaRNSnB6b1T2ckX6VSk
20,ผิดที่ฉัน,60Miles,51564,https://open.spotify.com/track/65SM4x81LohlqhSVFqITWd
21,"Day 1 ◑",HONNE,50807,https://open.spotify.com/track/7AWZvcyaSBxRzaBJcHf9XL
22,พอจะรู้,meyou.,47637,https://open.spotify.com/track/4p4SOBQ0fxHYluEcba6Xrq
23,"ของขวัญ - Cover Version","The Toys",47502,https://open.spotify.com/track/72bifeUJaxwOtGjGiVqAeB
24,"Galaxy (feat. Kob The X Factor)","D Gerrard",46733,https://open.spotify.com/track/0yO5RrszdEpqXhDwyhP6nX
25,Bloom,"Troye Sivan",45916,https://open.spotify.com/track/1hSOt9IeshMkuKP9ri4hOf
26,"Youth (feat. Khalid)","Shawn Mendes",44392,https://open.spotify.com/track/3Wf2YGdYT8xVdNsQSoRKk9
27,"พริบตา x STAMP","Bird Thongchai",43783,https://open.spotify.com/track/20Tl8mWZhryG75y3nqnlKE
28,IDGAF,"Dua Lipa",43506,https://open.spotify.com/track/76cy1WJvNGJTj78UqeA5zr
29,"Done For Me (feat. Kehlani)","Charlie Puth",42717,https://open.spotify.com/track/76S09sHj7GGMJAtOLjmVQ2
30,เกลียด,"The Yers",42030,https://open.spotify.com/track/6iXBlrBFuV6W3jExGuWy6f
31,"Freaky Friday (feat. Chris Brown)","Lil Dicky",41510,https://open.spotify.com/track/10Igtw8bSDyyFs7KIsKngZ
32,เห็นฉันไหม,B5,41509,https://open.spotify.com/track/29gzHYQ0fDI4Nobkaye6Ik
33,Delicate,"Taylor Swift",41311,https://open.spotify.com/track/6NFyWDv5CjfwuzoCkw47Xf
34,อย่าบอก,"Atom Chanakan",40596,https://open.spotify.com/track/3CrDt4x72gWHaglwnM0CAH
35,"In My Blood","Shawn Mendes",40393,https://open.spotify.com/track/79jX8RM5CgPqDKdGEKNW9K
36,Somebody,"The Chainsmokers",40000,https://open.spotify.com/track/3pWcj8hxj3fsb9TDAcMpEl
37,"รักน้องคนเดียวววว - เพลงประกอบภาพยนตร์ น้อง.พี่.ที่รัก",UrboyTJ,39815,https://open.spotify.com/track/1vYMSUrfHxmF4r5zPtdqEe
38,"555 (ToT)",Wonderframe,39670,https://open.spotify.com/track/5LcwUVWyRxuOfSawnKlbBV
39,2002,Anne-Marie,39566,https://open.spotify.com/track/6SFStUDQZNaGPKWOx9ZiJB
40,ฝันฤดูร้อน,"The Toys",39526,https://open.spotify.com/track/03UCygRxVwn1CyFEA7fiTV
41,"All The Stars (with SZA)","Kendrick Lamar",39149,https://open.spotify.com/track/3GCdLUSnKSMJhs4Tj6CV3s
42,"Call Out My Name","The Weeknd",38109,https://open.spotify.com/track/1gm616Plq4ScqNi7TVkZ5N
43,ใครคือเรา,Bodyslam,38083,https://open.spotify.com/track/1kkkixB3Ids34krb3rqBID
44,"The Way I Am","Charlie Puth",37812,https://open.spotify.com/track/5Co8mnbtshK44Uh96aHxdu
45,"Have It All","Jason Mraz",37694,https://open.spotify.com/track/1pIMxRddmCGalHnRbLFkWg
46,TOY,"The Toys",36308,https://open.spotify.com/track/2Es5K3EnKVXsGqU8PtZLEL
47,ไม่เหมือนใคร,"D Gerrard",35511,https://open.spotify.com/track/39Mg8slCqS2tyaZUZ1cQ1M
48,ฝืนตัวเองไม่เป็น,"Non Tanon",33829,https://open.spotify.com/track/0FlZM6SFefxfXzX68IpVxb
49,พอ,"Atom Chanakan",33687,https://open.spotify.com/track/72KOmS4Af9IEFsT87TK1VQ
50,เหมือนในวันเก่า,KLEAR,32904,https://open.spotify.com/track/5YFjjpnRuzrewr7n5ynrSt
51,ที่เก่า,"Marc Tatchapon",32688,https://open.spotify.com/track/0xBShp4NOIh5ChC55Xj0zz
52,"Love Lies (with Normani)",Khalid,32651,https://open.spotify.com/track/45Egmo7icyopuzJN0oMEdk
53,"Paris in the Rain",Lauv,32176,https://open.spotify.com/track/0RGUIOZtmOXTWOy5EjvQbP
54,Mine,Bazzi,30170,https://open.spotify.com/track/7uzmGiiJyRfuViKKK3lVmR
55,"Me & You ◑",HONNE,29458,https://open.spotify.com/track/2mDeWOqdFJLV2zsrTCPG0T
56,มะงึกๆอุ๋งๆ,"Ornly You",29132,https://open.spotify.com/track/3Wz7m9QeE8EAfpg98uxhRk
57,OTW,Khalid,28669,https://open.spotify.com/track/6Hgh47WXVKtXN5zGOu0hjI
58,"Playinwitme (feat. Kehlani)",KYLE,27345,https://open.spotify.com/track/43cFjTTCD9Cni4aSL0sORz
59,Havana,"Camila Cabello",27300,https://open.spotify.com/track/1rfofaqEpACxVEHIZBJe6W
60,Flames,"David Guetta",27226,https://open.spotify.com/track/33IOhptvC2Qoy2UhjiHXLV
61,คิดถึงเสมอ,Lipta,26743,https://open.spotify.com/track/7dfs4SVfLPVORzjmYYqorK
62,Alien,"Sabrina Carpenter",26568,https://open.spotify.com/track/0RUTnY2B3s05fZuCHsNaUP
63,เจ็บจนไม่เข้าใจ,PORTRAIT,25275,https://open.spotify.com/track/4URCEQmgwuwaHiySIqGmIa
64,ควันเหงา,"Opor Praput",24780,https://open.spotify.com/track/6a35EmpHEmpvzlMPZqI5Kw
65,"You Can Cry",Marshmello,24510,https://open.spotify.com/track/3ZbJMlEL4Kcme0ONRO7Slx
66,"These Days (feat. Jess Glynne, Macklemore & Dan Caplen)",Rudimental,24363,https://open.spotify.com/track/5CLGzJsGqhCEECcpnFQA8x
67,"Young Dumb & Broke",Khalid,24290,https://open.spotify.com/track/5Z3GHaZ6ec9bsiI5BenrbY
68,"God's Plan",Drake,23990,https://open.spotify.com/track/2XW4DbS6NddZxRPm5rMCeY
69,"How Long","Charlie Puth",23503,https://open.spotify.com/track/32DGGj6KlNuBr6WaqRxpxi
70,Thunder,"Imagine Dragons",23456,https://open.spotify.com/track/26gceVsA1ybT8qsX3aYLEn
71,ทรมานตัวเอง,"Bell Supol",23239,https://open.spotify.com/track/5lRwWrPogCyocSL7SYogg8
72,"Chasing Fire",Lauv,23007,https://open.spotify.com/track/1xy4apMFecGGkgBeaHFZ2M
73,"ไม่ว่าเมื่อไหร่ (feat. Room 39)","Boyd Kosiyabong",22828,https://open.spotify.com/track/7FHAusjHiFbdPLQBBdEXiH
74,Shonichi,BNK48,22472,https://open.spotify.com/track/74sRRQQx5eRdYSA7eaBjvU
75,ใส่ใจ,"ตูน อาทิวราห์",22407,https://open.spotify.com/track/1E0TFvBj3WqdxDTt7Lwe5j
76,Youngblood,"5 Seconds of Summer",22310,https://open.spotify.com/track/55S2PQgSMYAhgoTCcGCDfw
77,"Capital Letters","Hailee Steinfeld",22191,https://open.spotify.com/track/3towKHKVOXCCcL1fHv6xFO
78,"Nice For What",Drake,22060,https://open.spotify.com/track/1cTZMwcBJT0Ka3UJPXOeeN
79,LATATA,(G)I-DLE,21989,https://open.spotify.com/track/2ezKXygNO30pXyDQXkm6oD
80,โลกที่ไม่มีเธอ,PORTRAIT,21731,https://open.spotify.com/track/0fSl800MbFmlLs1aUxx7Z2
81,"Remind Me to Forget",Kygo,21554,https://open.spotify.com/track/6xTU6B6nFwKKTSZ9ySXS80
82,Happier,"Ed Sheeran",21502,https://open.spotify.com/track/2RttW7RAu5nOAfq6YFvApB
83,Flower,"Twopee Southside",21457,https://open.spotify.com/track/3Z1A584gUX1pxdlG3Oo8WT
84,Stay,"Post Malone",20878,https://open.spotify.com/track/4H7WNRErSbONkM06blBoGc
85,อย่าเลย...อย่า(ทรมาน),"Moving and Cut",20875,https://open.spotify.com/track/5tMVqeydIb4NWI1o2cHoYT
86,หน้าหนาวที่แล้ว,"The Toys",20613,https://open.spotify.com/track/5mVeBv0bUZPJU7kPZcm594
87,Perfect,"Ed Sheeran",20423,https://open.spotify.com/track/0tgVpDi06FyKpA1z0VMD4v
88,"จังหวะจะรัก - From “Heartbeat” Original Soundtrack","Violette Wautier",20273,https://open.spotify.com/track/1ux0god9zERqovPLrzRdBT
89,Drive,"Violette Wautier",20006,https://open.spotify.com/track/1y2ENgtP8xO2TGfcgqTRWm
90,ไวน์,"Max Jenmana",19843,https://open.spotify.com/track/00Hj710RrsLX5s9bothwlW
91,"Too Good At Goodbyes","Sam Smith",19836,https://open.spotify.com/track/1mXVgsBdtIVeCLJnSnmtdV
92,1950,"King Princess",19823,https://open.spotify.com/track/0CZ8lquoTX2Dkg7Ak2inwA
93,"rockstar (feat. 21 Savage)","Post Malone",19820,https://open.spotify.com/track/0e7ipj03S05BNilyu5bRzt
94,"LOVE SCENARIO",iKON,19784,https://open.spotify.com/track/6qAzAmPBUpGrk7XADZHR5k
95,"lovely (with Khalid)","Billie Eilish",19760,https://open.spotify.com/track/0u2P5u6lvoDfwTYjAADbn4
96,"What is Love?",TWICE,19721,https://open.spotify.com/track/2PhG74FocRobLC8pP9cIBI
97,"Bad Boy","Red Velvet",19356,https://open.spotify.com/track/5GKwq4sO5ZHKuWaDmdwMQc
98,"ปล่อย (Miss)","Clockwork Motionless",19218,https://open.spotify.com/track/7ihijRsdyrrQQR2iwSdibF
99,"I Wanna Know (feat. Bea Miller)",NOTD,18887,https://open.spotify.com/track/18W92Zm1KjLCbUIszOhpkD
100,"This Is America","Childish Gambino",18867,https://open.spotify.com/track/0b9oOr2ZgvyQu88wzixux9
101,...ก่อน,Supersub,18532,https://open.spotify.com/track/5VAc6MbjR5WRvDpduuhVVs
102,"There for You","Martin Garrix",18515,https://open.spotify.com/track/6Jl4RXW8Nyx8dyohnihJeT
103,"ฝัง (ใน) ใจ",ETC.,18419,https://open.spotify.com/track/2sO402csNLrYEpiJXlZUCD
104,"New Rules","Dua Lipa",18399,https://open.spotify.com/track/2ekn2ttSfGqwhhate0LSR0
105,"That's What I Like","Bruno Mars",18221,https://open.spotify.com/track/0KKkJNfGyhkQ5aFogxQAPU
106,"Shape of You","Ed Sheeran",18195,https://open.spotify.com/track/7qiZfU4dY1lWllzX7mPBI3
107,เป็นทุกอย่าง,"Room 39",18020,https://open.spotify.com/track/09zqmrjQokoAfQJ1WeLkFK
108,"Koisuru Fortune Cookie คุกกี้เสี่ยงทาย",BNK48,17704,https://open.spotify.com/track/5OzKApzqDkOVg4P5jQlD8J
109,Paranoid,"Post Malone",17573,https://open.spotify.com/track/3fpVWegR6YOS1Yk5HSMYIq
110,"BBoom BBoom",MOMOLAND,17415,https://open.spotify.com/track/3BPoSr2pO34Aan6alFfVto
111,Wolves,"Selena Gomez",17344,https://open.spotify.com/track/7EmGUiUaOSGDnUUQUDrOXC
112,PLEASE,"Atom Chanakan",17228,https://open.spotify.com/track/60hF3gZXQ33xdAXXk6tE1x
113,ถอนหายใจ,Mild,17138,https://open.spotify.com/track/1rve7sIFz7JVxwfrisKyP3
114,"Back to You (feat. Bebe Rexha & Digital Farm Animals)","Louis Tomlinson",16926,https://open.spotify.com/track/7F9vK8hNFMml4GtHsaXui6
115,ใช่หรือเปล่า,"เต้ ดาวิชญ์ กรีพลฤกษ์",16876,https://open.spotify.com/track/2SoropeYCGbI2G2yYF57gG
116,"Change Your Mind",ELI,16790,https://open.spotify.com/track/4kOlyvj9WiPrI4zpmzKAeA
117,"I Like It","Cardi B",16683,https://open.spotify.com/track/58q2HKrzhC3ozto2nDdN4z
118,"Drink About",Seeb,16614,https://open.spotify.com/track/2GGGm4MLQynB3I4E4ycIYC
119,"Perfect Duet (Ed Sheeran & Beyoncé)","Ed Sheeran",16039,https://open.spotify.com/track/1bhUWB0zJMIKr9yVPrkEuI
120,"I'll Be There","Jess Glynne",16002,https://open.spotify.com/track/083Qf6hn6sFL6xiOHlZUyn
121,Genius,Sia,15850,https://open.spotify.com/track/73F87Sqh6jQWucOOvz1WFx
122,รถคันเก่า,"Atom Chanakan",15802,https://open.spotify.com/track/5tYSThnYOKQCEjtvFiGcL0
123,Attention,"Charlie Puth",15765,https://open.spotify.com/track/4iLqG9SeJSnt0cSPICSjxv
124,"รู้ยัง - Acoustic Live Session","Ton Thanasit",15715,https://open.spotify.com/track/6ZKJbL6CkzpDDYeY2SPjeQ
125,"You Are The Reason","Calum Scott",15707,https://open.spotify.com/track/2VgJDTfkuwlm7WIHnvtRCQ
126,รักโกรธ,"Season Five",15678,https://open.spotify.com/track/1rVsQiBov0b97U5ccZr0ty
127,"Never Be the Same","Camila Cabello",15675,https://open.spotify.com/track/4eWQlBRaTjPPUlzacqEeoQ
128,เผด็จเกิร์ล,"Tattoo Colour",15374,https://open.spotify.com/track/6dnXdI7OhOJYvVjlT6pR03
129,"Say You Won't Let Go","James Arthur",15355,https://open.spotify.com/track/5uCax9HTNlzGybIStD3vDh
130,วันหนึ่งฉันเดินเข้าป่า,"Max Jenmana",15327,https://open.spotify.com/track/46upHQ13xvw1y7ykEJpWU5
131,"Meant to Be (feat. Florida Georgia Line)","Bebe Rexha",15199,https://open.spotify.com/track/7iDa6hUg2VgEL1o1HjmfBn
132,รักตัวเอง,"Room 39",15064,https://open.spotify.com/track/2rEV4Q9fHqZbecnNKHYoMJ
133,"Need You Right Now",HEDEGAARD,14966,https://open.spotify.com/track/50tyqR5Zz99YMSyQWpqLsR
134,"Getting Over You",Lauv,14951,https://open.spotify.com/track/2BNkTvg1kHAAfGvqh56x5a
135,"Drunk On You",Zookeepers,14732,https://open.spotify.com/track/25HWrN7rPVMy7r7JlYZvsC
136,อธิษฐาน,Prem,14633,https://open.spotify.com/track/74p4LbrOxxxzM2xKokMk2x
137,"Pray For Me (with Kendrick Lamar)","The Weeknd",14542,https://open.spotify.com/track/4ofvoCdXq99vpMZO4Cfp8x
138,"Space For Two","Mr. Probz",14514,https://open.spotify.com/track/2vNyWYQtbrgOKcSG64SZMJ
139,สารภาพ,Playground,14445,https://open.spotify.com/track/4Gjl7Z9S2LZEnWLeqQh67K
140,"As If It's Your Last",BLACKPINK,14339,https://open.spotify.com/track/1Zyd6zQnC6XIIzmg3hP7Ot
141,"One I Love",BATE,14338,https://open.spotify.com/track/7yqkSfpsdd0R1mMlOQ7t3b
142,Photograph,"Ed Sheeran",14319,https://open.spotify.com/track/6fxVffaTuwjgEk5h9QyRjy
143,"ทุกสิ่ง (original by PRU)","Image Suthita",14193,https://open.spotify.com/track/0CZ2Z36kfslHCi4Nq8Wa6v
144,ความจริง,"Room 39",14179,https://open.spotify.com/track/3qT4oTj72oPPbS9d1OdB7M
145,Sniper,"Folly Rae",14161,https://open.spotify.com/track/6YKtXMb7DISTUfYjSSPsEq
146,"Hold On Tight",R3HAB,14011,https://open.spotify.com/track/226q4gIbBXEsaqHubcnN19
147,Miracle,CHVRCHES,13923,https://open.spotify.com/track/43oX6qFdj2bHGeWzPps3rs
148,"I Like Me Better",Lauv,13706,https://open.spotify.com/track/1wjzFQodRWrPcQ0AnYnvQ9
149,Familiar,"Liam Payne",13680,https://open.spotify.com/track/0Y4hwUppbGc8aIBmiTz30A
150,ถ้าเธอต้องเลือก,Illslick,13557,https://open.spotify.com/track/5Of65kRDivh4UHG3SG5Iad
151,ลืมไปก่อน,"Buddha Bless",13431,https://open.spotify.com/track/6Rpj87GuuE59nij1NVmpzD
152,"Sakura no Hanabiratachi",BNK48,13158,https://open.spotify.com/track/0Svq8t3pt6Etnru5tseXnp
153,รอยยิ้ม,Scrubb,13151,https://open.spotify.com/track/6ezEwX2eZRZlioqYaUPOKX
154,"Best Part",H.E.R.,12913,https://open.spotify.com/track/4OBZT9EnhYIV17t4pGw7ig
155,"Something Just Like This","The Chainsmokers",12857,https://open.spotify.com/track/6RUKPb4LETWmmr3iAEQktW
156,"Versace On The Floor","Bruno Mars",12852,https://open.spotify.com/track/0kN8xEmgMW9mh7UmDYHlJP
157,EVERYDAY,WINNER,12767,https://open.spotify.com/track/42rziXmwGA04hNSMi2MliA
158,ยังคิดถึง...(Same),"Marc Tatchapon",12729,https://open.spotify.com/track/1OlInnJssr9pXY0Ooa0SDT
159,Sway,"Tove Styrke",12717,https://open.spotify.com/track/0XbKGn5HyewE94iODzPmLW
160,เรื่องที่ขอ,Lula,12713,https://open.spotify.com/track/6ZDl7YLiNjey9VOdEM3pok
161,"All Falls Down (feat. Juliander)","Alan Walker",12588,https://open.spotify.com/track/5yFSF6qQA1rcLsQRnBsZgb
162,"Spoil My Night (feat. Swae Lee)","Post Malone",12581,https://open.spotify.com/track/5VuxWXbt7XENQCtE9TzpTv
163,Closer,"The Chainsmokers",12492,https://open.spotify.com/track/7BKLCZ1jbUBVqRi2FVlTVw
164,พบกันใหม่,Polycat,12489,https://open.spotify.com/track/4IKn1t0eZZzF5mji1vraVI
165,ถอย,Gliss,12447,https://open.spotify.com/track/3nJlzw6Gn33fitnoxJtLSj
166,Restart,"Room 39",12396,https://open.spotify.com/track/5gtXv0Ir0eolOIeDulhNZO
167,BOSS,NCT,12360,https://open.spotify.com/track/0ErzcmZ2gIwX7X0xSMQPix
168,เมื่อวาน,"Oat Pramote",12321,https://open.spotify.com/track/0ZQoB8rzr8sK2Jvkc7rkfT
169,"Bye Bye",P-Hot,12290,https://open.spotify.com/track/08oX4H0Td1Fza9eBXzmojN
170,ยังไม่รู้,"Better Weather",12266,https://open.spotify.com/track/5Ql75hmHV5wZZAPArtcMen
171,ปล่อย,"Pop Pongkool",12189,https://open.spotify.com/track/5eVmR3LXaUuJ4dgXfwcvsx
172,"Jump (with Trippie Redd)","Julia Michaels",12173,https://open.spotify.com/track/2OvV4NjEBRE9v8Oo7QeUCq
173,SAD!,XXXTENTACION,12160,https://open.spotify.com/track/3ee8Jmje8o58CHK66QrVC2
174,"Ashes - from ""Deadpool 2"" Motion Picture Soundtrack","Céline Dion",12092,https://open.spotify.com/track/7FihoA0WgTT21DkWR7wbYR
175,"Like I Do","David Guetta",12030,https://open.spotify.com/track/6RnkFd8Fqqgk1Uni8RgqCQ
176,"I'm Yours","Jason Mraz",12010,https://open.spotify.com/track/3S0OXQeoh0w6AY8WQVckRW
177,ผู้ช่วยที่ดีที่สุด,Polycat,12003,https://open.spotify.com/track/6dZzTJXuTR2WWtGOvHutOU
178,"Ball For Me (feat. Nicki Minaj)","Post Malone",11960,https://open.spotify.com/track/6IaieqiCVvsNvEt6Y7yOFa
179,"Labelle - Acoustic","Telex Telexs",11892,https://open.spotify.com/track/55dOUAyuTB3QWo5sKrpsFv
180,"Finesse (Remix) [feat. Cardi B]","Bruno Mars",11859,https://open.spotify.com/track/3Vo4wInECJQuz9BIBMOu8i
181,"Thinking Out Loud","Ed Sheeran",11805,https://open.spotify.com/track/1Slwb6dOYkBlWal1PGtnNg
182,"Look Alive (feat. Drake)","BlocBoy JB",11721,https://open.spotify.com/track/4qKcDkK6siZ7Jp1Jb4m0aL
183,"Dusk Till Dawn - Radio Edit",ZAYN,11588,https://open.spotify.com/track/1j4kHkkpqZRBwE0A4CN4Yv
184,คนที่คุณก็รู้ว่าใคร,Stamp,11557,https://open.spotify.com/track/3usWyH1du9AWTTxUIMOh79
185,เพื่อนรัก,"The Parkinson",11492,https://open.spotify.com/track/02ILnpL8IvIa9IQX7sSO9I
186,ฝันหวานอายจูบ,Stamp,11486,https://open.spotify.com/track/10DSYghyBjAYJa8iCvdRDv
187,"Wake Me Up - Radio Edit",Avicii,11446,https://open.spotify.com/track/6g1NlCpW7fgqDnWbCCDrHl
188,"Galaxy - Acoustic","D Gerrard",11435,https://open.spotify.com/track/5dTrxzGlg1Dnc9rpkOmg52
189,ทำไมต้องรักเธอ,"Earn Piyada",11379,https://open.spotify.com/track/5IWMAHpNDXeKH0aZ0YHY70
190,"Bad Luck",Lipta,11330,https://open.spotify.com/track/2NsA7Fkd0hRQBS52GLeRAf
191,ร่มสีเทา,Whatcharawale,11284,https://open.spotify.com/track/6z56u8jPSSroDFrJVD5cMf
192,"We Don't Talk Anymore (feat. Selena Gomez)","Charlie Puth",11283,https://open.spotify.com/track/68EMU2RD1ECNeOeJ5qAXCV
193,Nevermind,"Dennis Lloyd",11243,https://open.spotify.com/track/63SevszngYpZOwf63o61K4
194,Naked,"James Arthur",11127,https://open.spotify.com/track/7krbSH3rd8lhIZvuzTV3Bl
195,Believer,"Imagine Dragons",11093,https://open.spotify.com/track/7Izh7zLJGw1Nscd62Exxj4
196,อ้าว,"Atom Chanakan",11032,https://open.spotify.com/track/6UyPvvQuMzdCvat61plRu6
197,"Baby Don’t Stop",NCT,10999,https://open.spotify.com/track/1EYSS9Lp7a9f20C3FaOVgI
198,DNA,BTS,10945,https://open.spotify.com/track/5SE57ljOIUJ1ybL9U6CuBH
199,กะทันหัน,"Fymme Bongkot",10926,https://open.spotify.com/track/71rZCPjOAU8WBlXYPHNgRu
200,"Let Me Go (with Alesso, Florida Georgia Line & watt)","Hailee Steinfeld",10889,https://open.spotify.com/track/5AEtlRudpgdT5FtNiuly6Y
1,ภาพจำ,"Pop Pongkool",95874,https://open.spotify.com/track/4YRpjJaJpiI36HM36Dn5lS
2,นอนได้แล้ว,"Fukking Hero",83056,https://open.spotify.com/track/5JhLoyD2idGlKXwD9nmYuB
3,"Good Morning Teacher","Atom Chanakan",77642,https://open.spotify.com/track/4AsE3bvoh6yuZls617lj4Z
4,ถ้าฉันหายไป(Skyline),"Earth Patravee",67990,https://open.spotify.com/track/0goff2JabkZTEq1yKeyoM8
5,หมอกร้าย,Lipta,67136,https://open.spotify.com/track/0EYgFMIXhjcFgX6xe2NY9v
6,"no tears left to cry","Ariana Grande",66795,https://open.spotify.com/track/5SxkdsY1ufZzoq9iXceLw9
7,คนที่ไม่ใช่,O-Pavee,64915,https://open.spotify.com/track/76rs0Apd4Ct5LwJm8pB6r1
8,"Better Now","Post Malone",61260,https://open.spotify.com/track/7dt6x5M1jzdTEt8oCbisTK
9,"Let Me",ZAYN,59547,https://open.spotify.com/track/7Fg342AJtNsIDdwCfX0paC
10,"Day 1 ◑",HONNE,59424,https://open.spotify.com/track/7AWZvcyaSBxRzaBJcHf9XL
11,"The Middle",Zedd,59178,https://open.spotify.com/track/2ARqIya5NAuvFVHSN3bL0m
12,"Youth (feat. Khalid)","Shawn Mendes",56052,https://open.spotify.com/track/3Wf2YGdYT8xVdNsQSoRKk9
13,ร้อยล้านวิว,Stamp,55998,https://open.spotify.com/track/2KKwNFzypGehPrAZCKc1HW
14,"อยู่ดีๆก็… (feat. Youngohm)",Wonderframe,55920,https://open.spotify.com/track/0b9JDLbAgCazIwPSWj6DNL
15,"Strawberries & Cigarettes","Troye Sivan",55551,https://open.spotify.com/track/2z7UKVsBdbA7HFPunDKDP4
16,"คิดถึงจัง (มาหาหน่อย)","Oat Pramote",54592,https://open.spotify.com/track/63quSq4p0NagZdZI3ttb4f
17,FRIENDS,Marshmello,54498,https://open.spotify.com/track/08bNPGLD8AhKpnnERrAc6G
18,04:00,"The Toys",54278,https://open.spotify.com/track/3h7TbK7x7yxJavEZydbOzX
19,"This Is America","Childish Gambino",54015,https://open.spotify.com/track/0b9oOr2ZgvyQu88wzixux9
20,ผิดที่ฉัน,60Miles,52410,https://open.spotify.com/track/65SM4x81LohlqhSVFqITWd
21,Patient,"Charlie Puth",51955,https://open.spotify.com/track/2ZrHbO88rM6Ijeg0aJmSzl
22,2002,Anne-Marie,51805,https://open.spotify.com/track/6SFStUDQZNaGPKWOx9ZiJB
23,Bloom,"Troye Sivan",51611,https://open.spotify.com/track/1hSOt9IeshMkuKP9ri4hOf
24,รู้ดีว่าไม่ดี,Getsunova,50169,https://open.spotify.com/track/37LAaRNSnB6b1T2ckX6VSk
25,"Back To You - From 13 Reasons Why – Season 2 Soundtrack","Selena Gomez",49930,https://open.spotify.com/track/4hQ6UGyWQIGJmHSo0J88JW
26,"One Kiss (with Dua Lipa)","Calvin Harris",49700,https://open.spotify.com/track/7ef4DlsgrMEH11cDZd32M6
27,"Psycho (feat. Ty Dolla $ign)","Post Malone",48397,https://open.spotify.com/track/3swc6WTsr7rl9DqQKQA55C
28,พอจะรู้,meyou.,47571,https://open.spotify.com/track/4p4SOBQ0fxHYluEcba6Xrq
29,"Done For Me (feat. Kehlani)","Charlie Puth",46110,https://open.spotify.com/track/1lsBTdE6MGsKeZCD6llNu7
30,"ของขวัญ - Cover Version","The Toys",45147,https://open.spotify.com/track/72bifeUJaxwOtGjGiVqAeB
31,"Galaxy (feat. Kob The X Factor)","D Gerrard",44607,https://open.spotify.com/track/0yO5RrszdEpqXhDwyhP6nX
32,"รักน้องคนเดียวววว - เพลงประกอบภาพยนตร์ น้อง.พี่.ที่รัก",UrboyTJ,44159,https://open.spotify.com/track/1vYMSUrfHxmF4r5zPtdqEe
33,Somebody,"The Chainsmokers",43850,https://open.spotify.com/track/3pWcj8hxj3fsb9TDAcMpEl
34,ใครคือเรา,Bodyslam,43260,https://open.spotify.com/track/1kkkixB3Ids34krb3rqBID
35,"All The Stars (with SZA)","Kendrick Lamar",41764,https://open.spotify.com/track/3GCdLUSnKSMJhs4Tj6CV3s
36,เกลียด,"The Yers",41092,https://open.spotify.com/track/6iXBlrBFuV6W3jExGuWy6f
37,IDGAF,"Dua Lipa",39596,https://open.spotify.com/track/76cy1WJvNGJTj78UqeA5zr
38,"In My Blood","Shawn Mendes",39441,https://open.spotify.com/track/79jX8RM5CgPqDKdGEKNW9K
39,Delicate,"Taylor Swift",37822,https://open.spotify.com/track/6NFyWDv5CjfwuzoCkw47Xf
40,"Freaky Friday (feat. Chris Brown)","Lil Dicky",37554,https://open.spotify.com/track/10Igtw8bSDyyFs7KIsKngZ
41,อย่าบอก,"Atom Chanakan",37439,https://open.spotify.com/track/3CrDt4x72gWHaglwnM0CAH
42,ฝันฤดูร้อน,"The Toys",37429,https://open.spotify.com/track/03UCygRxVwn1CyFEA7fiTV
43,"The Way I Am","Charlie Puth",35898,https://open.spotify.com/track/6qNALlmZa1ESnCxJmXE1K9
44,"Girls (feat. Cardi B, Bebe Rexha & Charli XCX)","Rita Ora",34695,https://open.spotify.com/track/1YNQscOx6OqBQjxgJVhEeW
45,เห็นฉันไหม,B5,34389,https://open.spotify.com/track/29gzHYQ0fDI4Nobkaye6Ik
46,ไม่เหมือนใคร,"D Gerrard",33443,https://open.spotify.com/track/39Mg8slCqS2tyaZUZ1cQ1M
47,TOY,"The Toys",33054,https://open.spotify.com/track/2Es5K3EnKVXsGqU8PtZLEL
48,"Have It All","Jason Mraz",32815,https://open.spotify.com/track/1pIMxRddmCGalHnRbLFkWg
49,"Me & You ◑",HONNE,31569,https://open.spotify.com/track/2mDeWOqdFJLV2zsrTCPG0T
50,"พริบตา x STAMP","Bird Thongchai",31164,https://open.spotify.com/track/20Tl8mWZhryG75y3nqnlKE
51,"Call Out My Name","The Weeknd",31122,https://open.spotify.com/track/1gm616Plq4ScqNi7TVkZ5N
52,ฝืนตัวเองไม่เป็น,"Non Tanon",30747,https://open.spotify.com/track/0FlZM6SFefxfXzX68IpVxb
53,"555 (ToT)",Wonderframe,30708,https://open.spotify.com/track/5LcwUVWyRxuOfSawnKlbBV
54,OTW,Khalid,30547,https://open.spotify.com/track/6Hgh47WXVKtXN5zGOu0hjI
55,"New Light","John Mayer",30399,https://open.spotify.com/track/3bH4HzoZZFq8UpZmI2AMgV
56,ที่เก่า,"Marc Tatchapon",30285,https://open.spotify.com/track/0xBShp4NOIh5ChC55Xj0zz
57,เหมือนในวันเก่า,KLEAR,29691,https://open.spotify.com/track/5YFjjpnRuzrewr7n5ynrSt
58,"You Can Cry",Marshmello,29067,https://open.spotify.com/track/3ZbJMlEL4Kcme0ONRO7Slx
59,พอ,"Atom Chanakan",28946,https://open.spotify.com/track/72KOmS4Af9IEFsT87TK1VQ
60,"ไม่ว่าเมื่อไหร่ (feat. Room 39)","Boyd Kosiyabong",27980,https://open.spotify.com/track/7FHAusjHiFbdPLQBBdEXiH
61,มะงึกๆอุ๋งๆ,"Ornly You",27884,https://open.spotify.com/track/3Wz7m9QeE8EAfpg98uxhRk
62,"Playinwitme (feat. Kehlani)",KYLE,27032,https://open.spotify.com/track/43cFjTTCD9Cni4aSL0sORz
63,"How Long","Charlie Puth",26902,https://open.spotify.com/track/6wmAHw1szh5RCKSRjiXhPe
64,อย่าเลย...อย่า(ทรมาน),"Moving and Cut",26628,https://open.spotify.com/track/5tMVqeydIb4NWI1o2cHoYT
65,Mine,Bazzi,26417,https://open.spotify.com/track/7uzmGiiJyRfuViKKK3lVmR
66,Youngblood,"5 Seconds of Summer",26177,https://open.spotify.com/track/55S2PQgSMYAhgoTCcGCDfw
67,Flames,"David Guetta",25616,https://open.spotify.com/track/33IOhptvC2Qoy2UhjiHXLV
68,"NEKKOYA (PICK ME)","PRODUCE 48",25530,https://open.spotify.com/track/5kprxqsCHKz3c6KMIRQrNL
69,"Love Lies (with Normani)",Khalid,25409,https://open.spotify.com/track/45Egmo7icyopuzJN0oMEdk
70,Havana,"Camila Cabello",25191,https://open.spotify.com/track/1rfofaqEpACxVEHIZBJe6W
71,เจ็บจนไม่เข้าใจ,PORTRAIT,24766,https://open.spotify.com/track/4URCEQmgwuwaHiySIqGmIa
72,ควันเหงา,"Opor Praput",24460,https://open.spotify.com/track/6a35EmpHEmpvzlMPZqI5Kw
73,"Young Dumb & Broke",Khalid,24373,https://open.spotify.com/track/5Z3GHaZ6ec9bsiI5BenrbY
74,Thunder,"Imagine Dragons",23037,https://open.spotify.com/track/26gceVsA1ybT8qsX3aYLEn
75,ทรมานตัวเอง,"Bell Supol",22927,https://open.spotify.com/track/5lRwWrPogCyocSL7SYogg8
76,Flower,"Twopee Southside",22543,https://open.spotify.com/track/3Z1A584gUX1pxdlG3Oo8WT
77,"These Days (feat. Jess Glynne, Macklemore & Dan Caplen)",Rudimental,22449,https://open.spotify.com/track/5CLGzJsGqhCEECcpnFQA8x
78,Alien,"Sabrina Carpenter",22279,https://open.spotify.com/track/0RUTnY2B3s05fZuCHsNaUP
79,คิดถึงเสมอ,Lipta,22053,https://open.spotify.com/track/7dfs4SVfLPVORzjmYYqorK
80,"Nice For What",Drake,21650,https://open.spotify.com/track/1cTZMwcBJT0Ka3UJPXOeeN
81,Happier,"Ed Sheeran",21557,https://open.spotify.com/track/2RttW7RAu5nOAfq6YFvApB
82,"God's Plan",Drake,21493,https://open.spotify.com/track/2XW4DbS6NddZxRPm5rMCeY
83,"Remind Me to Forget",Kygo,21449,https://open.spotify.com/track/6xTU6B6nFwKKTSZ9ySXS80
84,ฝันหวานอายจูบ,Stamp,21399,https://open.spotify.com/track/10DSYghyBjAYJa8iCvdRDv
85,"Chasing Fire",Lauv,20988,https://open.spotify.com/track/1xy4apMFecGGkgBeaHFZ2M
86,"Paris in the Rain",Lauv,20716,https://open.spotify.com/track/0RGUIOZtmOXTWOy5EjvQbP
87,โลกที่ไม่มีเธอ,PORTRAIT,20556,https://open.spotify.com/track/0fSl800MbFmlLs1aUxx7Z2
88,Attention,"Charlie Puth",20535,https://open.spotify.com/track/5cF0dROlMOK5uNZtivgu50
89,LATATA,(G)I-DLE,20424,https://open.spotify.com/track/2ezKXygNO30pXyDQXkm6oD
90,กอดฉัน,FIIXD,20157,https://open.spotify.com/track/5EL4HQ8ld7aQyfI2DhukoW
91,ไวน์,"Max Jenmana",20102,https://open.spotify.com/track/00Hj710RrsLX5s9bothwlW
92,"Four Out Of Five","Arctic Monkeys",19590,https://open.spotify.com/track/5Z5nbOXhsSbySVC7WUc6y9
93,Perfect,"Ed Sheeran",19536,https://open.spotify.com/track/0tgVpDi06FyKpA1z0VMD4v
94,"lovely (with Khalid)","Billie Eilish",19406,https://open.spotify.com/track/0u2P5u6lvoDfwTYjAADbn4
95,"LOVE SCENARIO",iKON,19388,https://open.spotify.com/track/6qAzAmPBUpGrk7XADZHR5k
96,"Too Good At Goodbyes","Sam Smith",19237,https://open.spotify.com/track/1mXVgsBdtIVeCLJnSnmtdV
97,Shonichi,BNK48,19190,https://open.spotify.com/track/74sRRQQx5eRdYSA7eaBjvU
98,หน้าหนาวที่แล้ว,"The Toys",19147,https://open.spotify.com/track/5mVeBv0bUZPJU7kPZcm594
99,"Shape of You","Ed Sheeran",18952,https://open.spotify.com/track/7qiZfU4dY1lWllzX7mPBI3
100,1950,"King Princess",18869,https://open.spotify.com/track/0CZ8lquoTX2Dkg7Ak2inwA
101,"จังหวะจะรัก - From “Heartbeat” Original Soundtrack","Violette Wautier",18838,https://open.spotify.com/track/1ux0god9zERqovPLrzRdBT
102,"New Rules","Dua Lipa",18649,https://open.spotify.com/track/2ekn2ttSfGqwhhate0LSR0
103,"ปล่อย (Miss)","Clockwork Motionless",18481,https://open.spotify.com/track/7ihijRsdyrrQQR2iwSdibF
104,Audio,Sia,18398,https://open.spotify.com/track/7boPPE857KEqCIHNwFkDop
105,"Sakura no Hanabiratachi",BNK48,18327,https://open.spotify.com/track/0Svq8t3pt6Etnru5tseXnp
106,"What is Love?",TWICE,18286,https://open.spotify.com/track/2PhG74FocRobLC8pP9cIBI
107,"rockstar (feat. 21 Savage)","Post Malone",18173,https://open.spotify.com/track/0e7ipj03S05BNilyu5bRzt
108,"Bad Boy","Red Velvet",17913,https://open.spotify.com/track/5GKwq4sO5ZHKuWaDmdwMQc
109,"I'll Be There","Jess Glynne",17739,https://open.spotify.com/track/083Qf6hn6sFL6xiOHlZUyn
110,"ฝัง (ใน) ใจ",ETC.,17616,https://open.spotify.com/track/2sO402csNLrYEpiJXlZUCD
111,ถ้าเธอต้องเลือก,Illslick,17514,https://open.spotify.com/track/5Of65kRDivh4UHG3SG5Iad
112,"BBoom BBoom",MOMOLAND,17421,https://open.spotify.com/track/3BPoSr2pO34Aan6alFfVto
113,"Need You Right Now",HEDEGAARD,17358,https://open.spotify.com/track/50tyqR5Zz99YMSyQWpqLsR
114,"Back to You (feat. Bebe Rexha & Digital Farm Animals)","Louis Tomlinson",17319,https://open.spotify.com/track/7F9vK8hNFMml4GtHsaXui6
115,"I Wanna Know (feat. Bea Miller)",NOTD,17183,https://open.spotify.com/track/18W92Zm1KjLCbUIszOhpkD
116,เป็นทุกอย่าง,"Room 39",17020,https://open.spotify.com/track/09zqmrjQokoAfQJ1WeLkFK
117,PLEASE,"Atom Chanakan",16735,https://open.spotify.com/track/60hF3gZXQ33xdAXXk6tE1x
118,Stay,"Post Malone",16365,https://open.spotify.com/track/4H7WNRErSbONkM06blBoGc
119,"If You're Over Me","Years & Years",16256,https://open.spotify.com/track/01k24g94i1JvkFLQmVEdCd
120,"Change Your Mind",ELI,16167,https://open.spotify.com/track/4kOlyvj9WiPrI4zpmzKAeA
121,"Koisuru Fortune Cookie คุกกี้เสี่ยงทาย",BNK48,16128,https://open.spotify.com/track/5OzKApzqDkOVg4P5jQlD8J
122,"I Like It","Cardi B",16123,https://open.spotify.com/track/58q2HKrzhC3ozto2nDdN4z
123,"Meant to Be (feat. Florida Georgia Line)","Bebe Rexha",15961,https://open.spotify.com/track/7iDa6hUg2VgEL1o1HjmfBn
124,ถอนหายใจ,Mild,15887,https://open.spotify.com/track/1rve7sIFz7JVxwfrisKyP3
125,"Hold On Tight",R3HAB,15835,https://open.spotify.com/track/226q4gIbBXEsaqHubcnN19
126,"Drink About",Seeb,15780,https://open.spotify.com/track/2GGGm4MLQynB3I4E4ycIYC
127,ใช่หรือเปล่า,"เต้ ดาวิชญ์ กรีพลฤกษ์",15612,https://open.spotify.com/track/2SoropeYCGbI2G2yYF57gG
128,"Drunk On You",Zookeepers,15526,https://open.spotify.com/track/25HWrN7rPVMy7r7JlYZvsC
129,"Star Treatment","Arctic Monkeys",15518,https://open.spotify.com/track/0b93tWwuoAC0nXe1CfR30I
130,Genius,Sia,15325,https://open.spotify.com/track/73F87Sqh6jQWucOOvz1WFx
131,Wolves,"Selena Gomez",15266,https://open.spotify.com/track/7EmGUiUaOSGDnUUQUDrOXC
132,"Never Be the Same","Camila Cabello",15256,https://open.spotify.com/track/4eWQlBRaTjPPUlzacqEeoQ
133,"Perfect Duet (Ed Sheeran & Beyoncé)","Ed Sheeran",15184,https://open.spotify.com/track/1bhUWB0zJMIKr9yVPrkEuI
134,"Jump (with Trippie Redd)","Julia Michaels",15161,https://open.spotify.com/track/2OvV4NjEBRE9v8Oo7QeUCq
135,"รู้ยัง - Acoustic Live Session","Ton Thanasit",15096,https://open.spotify.com/track/6ZKJbL6CkzpDDYeY2SPjeQ
136,"That's What I Like","Bruno Mars",15032,https://open.spotify.com/track/0KKkJNfGyhkQ5aFogxQAPU
137,"Capital Letters","Hailee Steinfeld",15016,https://open.spotify.com/track/3towKHKVOXCCcL1fHv6xFO
138,รักโกรธ,"Season Five",14956,https://open.spotify.com/track/1rVsQiBov0b97U5ccZr0ty
139,"As If It's Your Last",BLACKPINK,14812,https://open.spotify.com/track/1Zyd6zQnC6XIIzmg3hP7Ot
140,Paranoid,"Post Malone",14645,https://open.spotify.com/track/3fpVWegR6YOS1Yk5HSMYIq
141,อธิษฐาน,Prem,14491,https://open.spotify.com/track/74p4LbrOxxxzM2xKokMk2x
142,เผด็จเกิร์ล,"Tattoo Colour",14439,https://open.spotify.com/track/6dnXdI7OhOJYvVjlT6pR03
143,"Say You Won't Let Go","James Arthur",14303,https://open.spotify.com/track/5uCax9HTNlzGybIStD3vDh
144,"Bye Bye",P-Hot,14172,https://open.spotify.com/track/08oX4H0Td1Fza9eBXzmojN
145,รักตัวเอง,"Room 39",14063,https://open.spotify.com/track/2rEV4Q9fHqZbecnNKHYoMJ
146,สารภาพ,Playground,14059,https://open.spotify.com/track/4Gjl7Z9S2LZEnWLeqQh67K
147,"Pray For Me (with Kendrick Lamar)","The Weeknd",14048,https://open.spotify.com/track/4ofvoCdXq99vpMZO4Cfp8x
148,รถคันเก่า,"Atom Chanakan",14012,https://open.spotify.com/track/5tYSThnYOKQCEjtvFiGcL0
149,Photograph,"Ed Sheeran",13996,https://open.spotify.com/track/6fxVffaTuwjgEk5h9QyRjy
150,Drive,"Violette Wautier",13889,https://open.spotify.com/track/1y2ENgtP8xO2TGfcgqTRWm
151,"You Are The Reason","Calum Scott",13760,https://open.spotify.com/track/2VgJDTfkuwlm7WIHnvtRCQ
152,"One Point Perspective","Arctic Monkeys",13349,https://open.spotify.com/track/1t67WYNfUxfOiwaz7SJ66b
153,Sniper,"Folly Rae",13310,https://open.spotify.com/track/6YKtXMb7DISTUfYjSSPsEq
154,"I'm Yours","Jason Mraz",13217,https://open.spotify.com/track/3S0OXQeoh0w6AY8WQVckRW
155,"I Like Me Better",Lauv,13157,https://open.spotify.com/track/1wjzFQodRWrPcQ0AnYnvQ9
156,"Space For Two","Mr. Probz",13146,https://open.spotify.com/track/2vNyWYQtbrgOKcSG64SZMJ
157,เรื่องที่ขอ,Lula,12961,https://open.spotify.com/track/6ZDl7YLiNjey9VOdEM3pok
158,ถอย,Gliss,12893,https://open.spotify.com/track/3nJlzw6Gn33fitnoxJtLSj
159,Miracle,CHVRCHES,12831,https://open.spotify.com/track/7a0YvS8BmrfOtvG2HpPpE9
160,ยังไม่รู้,"Better Weather",12805,https://open.spotify.com/track/2OQQPlUlrSKu2nOPMwTS2c
161,ลืมไปก่อน,"Buddha Bless",12799,https://open.spotify.com/track/6Rpj87GuuE59nij1NVmpzD
162,"Best Part",H.E.R.,12623,https://open.spotify.com/track/4OBZT9EnhYIV17t4pGw7ig
163,"One I Love",BATE,12572,https://open.spotify.com/track/7yqkSfpsdd0R1mMlOQ7t3b
164,ปล่อย,"Pop Pongkool",12526,https://open.spotify.com/track/5eVmR3LXaUuJ4dgXfwcvsx
165,วันหนึ่งฉันเดินเข้าป่า,"Max Jenmana",12469,https://open.spotify.com/track/46upHQ13xvw1y7ykEJpWU5
166,ยังคิดถึง...(Same),"Marc Tatchapon",12400,https://open.spotify.com/track/1OlInnJssr9pXY0Ooa0SDT
167,"Something Just Like This","The Chainsmokers",12301,https://open.spotify.com/track/6RUKPb4LETWmmr3iAEQktW
168,รอยยิ้ม,Scrubb,12225,https://open.spotify.com/track/6ezEwX2eZRZlioqYaUPOKX
169,Closer,"The Chainsmokers",12175,https://open.spotify.com/track/7BKLCZ1jbUBVqRi2FVlTVw
170,Restart,"Room 39",12078,https://open.spotify.com/track/5gtXv0Ir0eolOIeDulhNZO
171,"Look Alive (feat. Drake)","BlocBoy JB",12029,https://open.spotify.com/track/4qKcDkK6siZ7Jp1Jb4m0aL
172,EVERYDAY,WINNER,12025,https://open.spotify.com/track/42rziXmwGA04hNSMi2MliA
173,"Tranquility Base Hotel & Casino","Arctic Monkeys",11994,https://open.spotify.com/track/2URDbWGmPz3vhagl25p8OC
174,"One More Day",Afrojack,11844,https://open.spotify.com/track/3vPoCfS2Ao2pjOvKZ63ybx
175,Naked,"James Arthur",11817,https://open.spotify.com/track/7krbSH3rd8lhIZvuzTV3Bl
176,"Galaxy - Acoustic","D Gerrard",11810,https://open.spotify.com/track/5dTrxzGlg1Dnc9rpkOmg52
177,เมื่อวาน,"Oat Pramote",11636,https://open.spotify.com/track/0ZQoB8rzr8sK2Jvkc7rkfT
178,...ก่อน,Supersub,11585,https://open.spotify.com/track/5VAc6MbjR5WRvDpduuhVVs
179,BOSS,NCT,11437,https://open.spotify.com/track/0ErzcmZ2gIwX7X0xSMQPix
180,พบกันใหม่,Polycat,11381,https://open.spotify.com/track/4IKn1t0eZZzF5mji1vraVI
181,"Labelle - Acoustic","Telex Telexs",11351,https://open.spotify.com/track/55dOUAyuTB3QWo5sKrpsFv
182,"Let Her Go",Passenger,11193,https://open.spotify.com/track/2jyjhRf6DVbMPU5zxagN2h
183,DNA,BTS,11174,https://open.spotify.com/track/5SE57ljOIUJ1ybL9U6CuBH
184,"Thinking Out Loud","Ed Sheeran",11126,https://open.spotify.com/track/1Slwb6dOYkBlWal1PGtnNg
185,"We Don't Talk Anymore (feat. Selena Gomez)","Charlie Puth",11069,https://open.spotify.com/track/68EMU2RD1ECNeOeJ5qAXCV
186,Nevermind,"Dennis Lloyd",11038,https://open.spotify.com/track/63SevszngYpZOwf63o61K4
187,เพื่อนรัก,"The Parkinson",11008,https://open.spotify.com/track/02ILnpL8IvIa9IQX7sSO9I
188,"There for You","Martin Garrix",11008,https://open.spotify.com/track/6Jl4RXW8Nyx8dyohnihJeT
189,"Spring Day",BTS,10962,https://open.spotify.com/track/0WNGsQ1oAuHzNTk8jivBKW
190,"All Falls Down (feat. Juliander)","Alan Walker",10884,https://open.spotify.com/track/5yFSF6qQA1rcLsQRnBsZgb
191,"Dusk Till Dawn - Radio Edit",ZAYN,10835,https://open.spotify.com/track/1j4kHkkpqZRBwE0A4CN4Yv
192,แต่ยังคิดถึง,"Two Popetorn",10821,https://open.spotify.com/track/5RGCl0Gto9cyBoQurIN3zB
193,คนที่คุณก็รู้ว่าใคร,Stamp,10794,https://open.spotify.com/track/3usWyH1du9AWTTxUIMOh79
194,Believer,"Imagine Dragons",10759,https://open.spotify.com/track/7Izh7zLJGw1Nscd62Exxj4
195,กะทันหัน,"Fymme Bongkot",10684,https://open.spotify.com/track/71rZCPjOAU8WBlXYPHNgRu
196,เธอเก่ง,JETSET'ER,10651,https://open.spotify.com/track/5yRvsVxjmP7RORUXxiyH77
197,ร่มสีเทา,Whatcharawale,10605,https://open.spotify.com/track/6z56u8jPSSroDFrJVD5cMf
198,"American Sports","Arctic Monkeys",10583,https://open.spotify.com/track/2HbYLDA1SigY1ilC94ieVu
199,Stay,Zedd,10498,https://open.spotify.com/track/0I20rLT2MJDhcF96AjbNYo
200,"Like I Do","David Guetta",10464,https://open.spotify.com/track/6RnkFd8Fqqgk1Uni8RgqCQ
1,"FAKE LOVE",BTS,137457,https://open.spotify.com/track/3aW0ds4A4tSQDIp75FqWTo
2,ภาพจำ,"Pop Pongkool",92629,https://open.spotify.com/track/4YRpjJaJpiI36HM36Dn5lS
3,"The Truth Untold",BTS,84368,https://open.spotify.com/track/48XfojJC87VKLlUotYV0Gm
4,นอนได้แล้ว,"Fukking Hero",82483,https://open.spotify.com/track/5JhLoyD2idGlKXwD9nmYuB
5,"Good Morning Teacher","Atom Chanakan",76552,https://open.spotify.com/track/4AsE3bvoh6yuZls617lj4Z
6,"Magic Shop",BTS,69143,https://open.spotify.com/track/22ryCgQttpV7oCrn7llGRu
7,หมอกร้าย,Lipta,67982,https://open.spotify.com/track/0EYgFMIXhjcFgX6xe2NY9v
8,แอบบอกรัก,Jaonaay,67566,https://open.spotify.com/track/1xJP5BQBwQRl59B6EGcujF
9,ถ้าฉันหายไป(Skyline),"Earth Patravee",66666,https://open.spotify.com/track/0goff2JabkZTEq1yKeyoM8
10,"Airplane pt.2",BTS,65478,https://open.spotify.com/track/1trFxVLL8WKhYap543e74l
11,"Day 1 ◑",HONNE,64653,https://open.spotify.com/track/7AWZvcyaSBxRzaBJcHf9XL
12,คนที่ไม่ใช่,O-Pavee,63236,https://open.spotify.com/track/76rs0Apd4Ct5LwJm8pB6r1
13,"Back To You","Selena Gomez",63120,https://open.spotify.com/track/514rhnksEwHUh6LxXsQ4Y9
14,"Love Maze",BTS,62895,https://open.spotify.com/track/645YBsxhFPSOKxGep3uHLv
15,134340,BTS,62528,https://open.spotify.com/track/38td8VabuKlQt72Q2VnhbO
16,"no tears left to cry","Ariana Grande",61981,https://open.spotify.com/track/5SxkdsY1ufZzoq9iXceLw9
17,Anpanman,BTS,61599,https://open.spotify.com/track/4lRwa7PKcGIuJMwtPIYKdy
18,Paradise,BTS,59885,https://open.spotify.com/track/01dmH2IPkrLNWIMPNXlreE
19,"Better Now","Post Malone",59078,https://open.spotify.com/track/7dt6x5M1jzdTEt8oCbisTK
20,"So What",BTS,56715,https://open.spotify.com/track/4CvId64YZSB0RfRdfzPIQU
21,"Let Me",ZAYN,54601,https://open.spotify.com/track/7Fg342AJtNsIDdwCfX0paC
22,"คิดถึงจัง (มาหาหน่อย)","Oat Pramote",54330,https://open.spotify.com/track/63quSq4p0NagZdZI3ttb4f
23,"This Is America","Childish Gambino",54244,https://open.spotify.com/track/0b9oOr2ZgvyQu88wzixux9
24,04:00,"The Toys",52295,https://open.spotify.com/track/3h7TbK7x7yxJavEZydbOzX
25,"อยู่ดีๆก็… (feat. Youngohm)",Wonderframe,51891,https://open.spotify.com/track/0b9JDLbAgCazIwPSWj6DNL
26,"The Middle",Zedd,51153,https://open.spotify.com/track/2ARqIya5NAuvFVHSN3bL0m
27,"Strawberries & Cigarettes","Troye Sivan",50396,https://open.spotify.com/track/2z7UKVsBdbA7HFPunDKDP4
28,ร้อยล้านวิว,Stamp,50392,https://open.spotify.com/track/2KKwNFzypGehPrAZCKc1HW
29,"Intro: Singularity",BTS,50091,https://open.spotify.com/track/6ePyl2ns4b7MVYhjsj32ZK
30,ผิดที่ฉัน,60Miles,49233,https://open.spotify.com/track/65SM4x81LohlqhSVFqITWd
31,"Outro: Tear",BTS,49084,https://open.spotify.com/track/5p10VwQ8LRoyTc8LFrvPw6
32,2002,Anne-Marie,48818,https://open.spotify.com/track/6SFStUDQZNaGPKWOx9ZiJB
33,FRIENDS,Marshmello,47798,https://open.spotify.com/track/08bNPGLD8AhKpnnERrAc6G
34,รู้ดีว่าไม่ดี,Getsunova,47144,https://open.spotify.com/track/37LAaRNSnB6b1T2ckX6VSk
35,Patient,"Charlie Puth",46891,https://open.spotify.com/track/2ZrHbO88rM6Ijeg0aJmSzl
36,พอจะรู้,meyou.,45842,https://open.spotify.com/track/4p4SOBQ0fxHYluEcba6Xrq
37,"Galaxy (feat. Kob The X Factor)","D Gerrard",44938,https://open.spotify.com/track/0yO5RrszdEpqXhDwyhP6nX
38,"One Kiss (with Dua Lipa)","Calvin Harris",44275,https://open.spotify.com/track/7ef4DlsgrMEH11cDZd32M6
39,"Girls (feat. Cardi B, Bebe Rexha & Charli XCX)","Rita Ora",43898,https://open.spotify.com/track/1YNQscOx6OqBQjxgJVhEeW
40,"Youth (feat. Khalid)","Shawn Mendes",42473,https://open.spotify.com/track/3Wf2YGdYT8xVdNsQSoRKk9
41,Somebody,"The Chainsmokers",42431,https://open.spotify.com/track/3pWcj8hxj3fsb9TDAcMpEl
42,"Done For Me (feat. Kehlani)","Charlie Puth",41993,https://open.spotify.com/track/1lsBTdE6MGsKeZCD6llNu7
43,"All The Stars (with SZA)","Kendrick Lamar",41333,https://open.spotify.com/track/3GCdLUSnKSMJhs4Tj6CV3s
44,Bloom,"Troye Sivan",41327,https://open.spotify.com/track/1hSOt9IeshMkuKP9ri4hOf
45,"Psycho (feat. Ty Dolla $ign)","Post Malone",41222,https://open.spotify.com/track/3swc6WTsr7rl9DqQKQA55C
46,"รักน้องคนเดียวววว - เพลงประกอบภาพยนตร์ น้อง.พี่.ที่รัก",UrboyTJ,41176,https://open.spotify.com/track/1vYMSUrfHxmF4r5zPtdqEe
47,"ของขวัญ - Cover Version","The Toys",40658,https://open.spotify.com/track/72bifeUJaxwOtGjGiVqAeB
48,เกลียด,"The Yers",39912,https://open.spotify.com/track/6iXBlrBFuV6W3jExGuWy6f
49,"Me & You ◑",HONNE,35779,https://open.spotify.com/track/2mDeWOqdFJLV2zsrTCPG0T
50,"Where Were You In The Morning?","Shawn Mendes",35509,https://open.spotify.com/track/5cuRYDNIcSu5noyXQpULKg
51,"In My Blood","Shawn Mendes",35418,https://open.spotify.com/track/79jX8RM5CgPqDKdGEKNW9K
52,อย่าบอก,"Atom Chanakan",34116,https://open.spotify.com/track/3CrDt4x72gWHaglwnM0CAH
53,ฝันฤดูร้อน,"The Toys",33088,https://open.spotify.com/track/03UCygRxVwn1CyFEA7fiTV
54,"ดีต่อใจ (To Get Her)",Mild,33061,https://open.spotify.com/track/6i5S9ngfta3qDP6zP5PG7k
55,IDGAF,"Dua Lipa",32333,https://open.spotify.com/track/76cy1WJvNGJTj78UqeA5zr
56,OTW,Khalid,32010,https://open.spotify.com/track/6Hgh47WXVKtXN5zGOu0hjI
57,ฝันหวานอายจูบ,Stamp,31590,https://open.spotify.com/track/10DSYghyBjAYJa8iCvdRDv
58,"Freaky Friday (feat. Chris Brown)","Lil Dicky",31259,https://open.spotify.com/track/10Igtw8bSDyyFs7KIsKngZ
59,ไม่เหมือนใคร,"D Gerrard",31068,https://open.spotify.com/track/39Mg8slCqS2tyaZUZ1cQ1M
60,TOY,"The Toys",30721,https://open.spotify.com/track/2Es5K3EnKVXsGqU8PtZLEL
61,ถ้าเธอต้องเลือก,Illslick,29979,https://open.spotify.com/track/5Of65kRDivh4UHG3SG5Iad
62,"LOVE SCENARIO",iKON,29456,https://open.spotify.com/track/6qAzAmPBUpGrk7XADZHR5k
63,ฝืนตัวเองไม่เป็น,"Non Tanon",29383,https://open.spotify.com/track/0FlZM6SFefxfXzX68IpVxb
64,"Love Lies (with Normani)",Khalid,29122,https://open.spotify.com/track/45Egmo7icyopuzJN0oMEdk
65,"Sangria Wine","Pharrell Williams",28939,https://open.spotify.com/track/6XlSyYFTU1nodeWwwzVgTV
66,ที่เก่า,"Marc Tatchapon",28568,https://open.spotify.com/track/0xBShp4NOIh5ChC55Xj0zz
67,ใครคือเรา,Bodyslam,27604,https://open.spotify.com/track/1kkkixB3Ids34krb3rqBID
68,"Solo (feat. Demi Lovato)","Clean Bandit",27526,https://open.spotify.com/track/6kPJZM97LwdG9QIsT7khp6
69,Youngblood,"5 Seconds of Summer",27503,https://open.spotify.com/track/55S2PQgSMYAhgoTCcGCDfw
70,อย่าเลย...อย่า(ทรมาน),"Moving and Cut",27335,https://open.spotify.com/track/5tMVqeydIb4NWI1o2cHoYT
71,"Playinwitme (feat. Kehlani)",KYLE,27244,https://open.spotify.com/track/4F1yvJfQ7gJkrcgFJQDjOr
72,"Have It All","Jason Mraz",26914,https://open.spotify.com/track/1pIMxRddmCGalHnRbLFkWg
73,พอ,"Atom Chanakan",26841,https://open.spotify.com/track/72KOmS4Af9IEFsT87TK1VQ
74,กอดฉัน,FIIXD,26661,https://open.spotify.com/track/5EL4HQ8ld7aQyfI2DhukoW
75,Delicate,"Taylor Swift",26010,https://open.spotify.com/track/7CneiDesUKFJO3Ix01dnfr
76,"First lady","Peck Palitchoke",25840,https://open.spotify.com/track/351T6pr9DCEYYoYEaPm8Ib
77,"Young Dumb & Broke",Khalid,25728,https://open.spotify.com/track/5Z3GHaZ6ec9bsiI5BenrbY
78,"พริบตา x STAMP","Bird Thongchai",25200,https://open.spotify.com/track/20Tl8mWZhryG75y3nqnlKE
79,Flames,"David Guetta",24825,https://open.spotify.com/track/33IOhptvC2Qoy2UhjiHXLV
80,เจ็บจนไม่เข้าใจ,PORTRAIT,24816,https://open.spotify.com/track/4URCEQmgwuwaHiySIqGmIa
81,Havana,"Camila Cabello",24758,https://open.spotify.com/track/1rfofaqEpACxVEHIZBJe6W
82,"lovely (with Khalid)","Billie Eilish",24346,https://open.spotify.com/track/0u2P5u6lvoDfwTYjAADbn4
83,"You Can Cry",Marshmello,24112,https://open.spotify.com/track/3ZbJMlEL4Kcme0ONRO7Slx
84,มะงึกๆอุ๋งๆ,"Ornly You",23684,https://open.spotify.com/track/3Wz7m9QeE8EAfpg98uxhRk
85,"Call Out My Name","The Weeknd",23042,https://open.spotify.com/track/1gm616Plq4ScqNi7TVkZ5N
86,"How Long","Charlie Puth",22932,https://open.spotify.com/track/6wmAHw1szh5RCKSRjiXhPe
87,LATATA,(G)I-DLE,22925,https://open.spotify.com/track/2ezKXygNO30pXyDQXkm6oD
88,Mine,Bazzi,22747,https://open.spotify.com/track/7uzmGiiJyRfuViKKK3lVmR
89,Thunder,"Imagine Dragons",22676,https://open.spotify.com/track/26gceVsA1ybT8qsX3aYLEn
90,"ไม่ว่าเมื่อไหร่ (feat. Room 39)","Boyd Kosiyabong",22507,https://open.spotify.com/track/7FHAusjHiFbdPLQBBdEXiH
91,"สาธุ (feat. ลำไย ไหทองคำ)","Boom Boom Cash",22419,https://open.spotify.com/track/2suyU3yibM86lREMRHa3UL
92,Flower,"Twopee Southside",22301,https://open.spotify.com/track/3Z1A584gUX1pxdlG3Oo8WT
93,"PICK ME","PRODUCE 48",22242,https://open.spotify.com/track/1LShDXXs40R8bQFNBBupI3
94,ควันเหงา,"Opor Praput",22215,https://open.spotify.com/track/6a35EmpHEmpvzlMPZqI5Kw
95,"Start Again (feat. Logic)",OneRepublic,22055,https://open.spotify.com/track/1Nj2oBISdFDSF8eDuXcALz
96,ทรมานตัวเอง,"Bell Supol",21729,https://open.spotify.com/track/5lRwWrPogCyocSL7SYogg8
97,เหมือนในวันเก่า,KLEAR,21294,https://open.spotify.com/track/5YFjjpnRuzrewr7n5ynrSt
98,"God's Plan",Drake,21116,https://open.spotify.com/track/2XW4DbS6NddZxRPm5rMCeY
99,"What is Love?",TWICE,20899,https://open.spotify.com/track/2PhG74FocRobLC8pP9cIBI
100,"The Way I Am","Charlie Puth",20368,https://open.spotify.com/track/6qNALlmZa1ESnCxJmXE1K9
101,Perfect,"Ed Sheeran",20284,https://open.spotify.com/track/0tgVpDi06FyKpA1z0VMD4v
102,"Nice For What",Drake,20227,https://open.spotify.com/track/1cTZMwcBJT0Ka3UJPXOeeN
103,"Remind Me to Forget",Kygo,20137,https://open.spotify.com/track/6xTU6B6nFwKKTSZ9ySXS80
104,โลกที่ไม่มีเธอ,PORTRAIT,19913,https://open.spotify.com/track/0fSl800MbFmlLs1aUxx7Z2
105,"Shape of You","Ed Sheeran",19884,https://open.spotify.com/track/7qiZfU4dY1lWllzX7mPBI3
106,"New Rules","Dua Lipa",19469,https://open.spotify.com/track/2ekn2ttSfGqwhhate0LSR0
107,"Paris in the Rain",Lauv,19277,https://open.spotify.com/track/0RGUIOZtmOXTWOy5EjvQbP
108,"Bad Boy","Red Velvet",18955,https://open.spotify.com/track/5GKwq4sO5ZHKuWaDmdwMQc
109,"Too Good At Goodbyes","Sam Smith",18770,https://open.spotify.com/track/1mXVgsBdtIVeCLJnSnmtdV
110,"These Days (feat. Jess Glynne, Macklemore & Dan Caplen)",Rudimental,18708,https://open.spotify.com/track/5CLGzJsGqhCEECcpnFQA8x
111,"Need You Right Now",HEDEGAARD,18616,https://open.spotify.com/track/50tyqR5Zz99YMSyQWpqLsR
112,หน้าหนาวที่แล้ว,"The Toys",18599,https://open.spotify.com/track/5mVeBv0bUZPJU7kPZcm594
113,ไวน์,"Max Jenmana",18564,https://open.spotify.com/track/00Hj710RrsLX5s9bothwlW
114,"New Light","John Mayer",18489,https://open.spotify.com/track/3bH4HzoZZFq8UpZmI2AMgV
115,"BBoom BBoom",MOMOLAND,18288,https://open.spotify.com/track/3BPoSr2pO34Aan6alFfVto
116,"ปล่อย (Miss)","Clockwork Motionless",18204,https://open.spotify.com/track/7ihijRsdyrrQQR2iwSdibF
117,Happier,"Ed Sheeran",18035,https://open.spotify.com/track/2RttW7RAu5nOAfq6YFvApB
118,"จังหวะจะรัก - From “Heartbeat” Original Soundtrack","Violette Wautier",17944,https://open.spotify.com/track/1ux0god9zERqovPLrzRdBT
119,Audio,Sia,17629,https://open.spotify.com/track/7boPPE857KEqCIHNwFkDop
120,RIVER,BNK48,17615,https://open.spotify.com/track/4BpBCQi1r3ZEOQY6YZfzlW
121,"Chasing Fire",Lauv,17615,https://open.spotify.com/track/1xy4apMFecGGkgBeaHFZ2M
122,เป็นทุกอย่าง,"Room 39",17454,https://open.spotify.com/track/09zqmrjQokoAfQJ1WeLkFK
123,"rockstar (feat. 21 Savage)","Post Malone",17438,https://open.spotify.com/track/0e7ipj03S05BNilyu5bRzt
124,1950,"King Princess",17139,https://open.spotify.com/track/0CZ8lquoTX2Dkg7Ak2inwA
125,Shonichi,BNK48,17070,https://open.spotify.com/track/74sRRQQx5eRdYSA7eaBjvU
126,"Drunk On You",Zookeepers,16703,https://open.spotify.com/track/25HWrN7rPVMy7r7JlYZvsC
127,Attention,"Charlie Puth",16636,https://open.spotify.com/track/5cF0dROlMOK5uNZtivgu50
128,Alien,"Sabrina Carpenter",16624,https://open.spotify.com/track/0RUTnY2B3s05fZuCHsNaUP
129,คิดถึงเสมอ,Lipta,16546,https://open.spotify.com/track/7dfs4SVfLPVORzjmYYqorK
130,PLEASE,"Atom Chanakan",16544,https://open.spotify.com/track/60hF3gZXQ33xdAXXk6tE1x
131,"Bye Bye",P-Hot,16267,https://open.spotify.com/track/08oX4H0Td1Fza9eBXzmojN
132,"As If It's Your Last",BLACKPINK,16129,https://open.spotify.com/track/1Zyd6zQnC6XIIzmg3hP7Ot
133,DNA,BTS,16029,https://open.spotify.com/track/5SE57ljOIUJ1ybL9U6CuBH
134,"I Like It","Cardi B",15974,https://open.spotify.com/track/58q2HKrzhC3ozto2nDdN4z
135,"Ashes - from ""Deadpool 2"" Motion Picture Soundtrack","Céline Dion",15957,https://open.spotify.com/track/7FihoA0WgTT21DkWR7wbYR
136,"I'll Be There","Jess Glynne",15756,https://open.spotify.com/track/083Qf6hn6sFL6xiOHlZUyn
137,"If You're Over Me","Years & Years",15664,https://open.spotify.com/track/01k24g94i1JvkFLQmVEdCd
138,"Change Your Mind",ELI,15543,https://open.spotify.com/track/4kOlyvj9WiPrI4zpmzKAeA
139,"Koisuru Fortune Cookie คุกกี้เสี่ยงทาย",BNK48,15477,https://open.spotify.com/track/5OzKApzqDkOVg4P5jQlD8J
140,"Meant to Be (feat. Florida Georgia Line)","Bebe Rexha",15470,https://open.spotify.com/track/7iDa6hUg2VgEL1o1HjmfBn
141,"I Wanna Know (feat. Bea Miller)",NOTD,15466,https://open.spotify.com/track/18W92Zm1KjLCbUIszOhpkD
142,"Perfect Duet (Ed Sheeran & Beyoncé)","Ed Sheeran",15118,https://open.spotify.com/track/1bhUWB0zJMIKr9yVPrkEuI
143,"Jackie Chan",Tiësto,14708,https://open.spotify.com/track/4kWO6O1BUXcZmaxitpVUwp
144,Wolves,"Selena Gomez",14658,https://open.spotify.com/track/7EmGUiUaOSGDnUUQUDrOXC
145,ถอนหายใจ,Mild,14625,https://open.spotify.com/track/1rve7sIFz7JVxwfrisKyP3
146,รักโกรธ,"Season Five",14536,https://open.spotify.com/track/1rVsQiBov0b97U5ccZr0ty
147,เห็นฉันไหม,B5,14502,https://open.spotify.com/track/29gzHYQ0fDI4Nobkaye6Ik
148,"Spring Day",BTS,14397,https://open.spotify.com/track/0WNGsQ1oAuHzNTk8jivBKW
149,"Never Be the Same","Camila Cabello",14337,https://open.spotify.com/track/4eWQlBRaTjPPUlzacqEeoQ
150,Stay,"Post Malone",14233,https://open.spotify.com/track/4H7WNRErSbONkM06blBoGc
151,รักตัวเอง,"Room 39",14074,https://open.spotify.com/track/2rEV4Q9fHqZbecnNKHYoMJ
152,"That's What I Like","Bruno Mars",14050,https://open.spotify.com/track/0KKkJNfGyhkQ5aFogxQAPU
153,Photograph,"Ed Sheeran",14016,https://open.spotify.com/track/6fxVffaTuwjgEk5h9QyRjy
154,อธิษฐาน,Prem,14007,https://open.spotify.com/track/74p4LbrOxxxzM2xKokMk2x
155,เผด็จเกิร์ล,"Tattoo Colour",13857,https://open.spotify.com/track/6dnXdI7OhOJYvVjlT6pR03
156,"Say You Won't Let Go","James Arthur",13798,https://open.spotify.com/track/5uCax9HTNlzGybIStD3vDh
157,"I'm Yours","Jason Mraz",13775,https://open.spotify.com/track/3S0OXQeoh0w6AY8WQVckRW
158,ลืมไปก่อน,"Buddha Bless",13511,https://open.spotify.com/track/6Rpj87GuuE59nij1NVmpzD
159,"เจ็บแล้วไง? Feat. MAIYARAP",electric.neon.lamp,13500,https://open.spotify.com/track/6K2rSWX2a0pqmvfBdhIpdk
160,Messy,Kiiara,13411,https://open.spotify.com/track/0BOEuUKoHdy8in20fG5smd
161,Restart,"Room 39",13288,https://open.spotify.com/track/5gtXv0Ir0eolOIeDulhNZO
162,"Blood Sweat & Tears",BTS,13224,https://open.spotify.com/track/5RGf8qn1TBWVplLyyKUsuV
163,สารภาพ,Playground,13169,https://open.spotify.com/track/4Gjl7Z9S2LZEnWLeqQh67K
164,"Pray For Me (with Kendrick Lamar)","The Weeknd",13135,https://open.spotify.com/track/4ofvoCdXq99vpMZO4Cfp8x
165,"I Like Me Better",Lauv,13066,https://open.spotify.com/track/1wjzFQodRWrPcQ0AnYnvQ9
166,รถคันเก่า,"Atom Chanakan",13064,https://open.spotify.com/track/5tYSThnYOKQCEjtvFiGcL0
167,ยังคิดถึง...(Same),"Marc Tatchapon",13030,https://open.spotify.com/track/1OlInnJssr9pXY0Ooa0SDT
168,"Jump (with Trippie Redd)","Julia Michaels",12965,https://open.spotify.com/track/2OvV4NjEBRE9v8Oo7QeUCq
169,ยังไม่รู้,"Better Weather",12935,https://open.spotify.com/track/2OQQPlUlrSKu2nOPMwTS2c
170,"บอกตัวเอง (feat. โป่ง หินเหล็กไฟ)","Room 39",12875,https://open.spotify.com/track/3WQe3r4R1lnJs75ty9UYDF
171,ถ้าหาก,"Two Popetorn",12812,https://open.spotify.com/track/3o5FB7uyNadcadhKe3GP32
172,Paranoid,"Post Malone",12798,https://open.spotify.com/track/3fpVWegR6YOS1Yk5HSMYIq
173,"Best Part",H.E.R.,12780,https://open.spotify.com/track/4OBZT9EnhYIV17t4pGw7ig
174,EVERYDAY,WINNER,12728,https://open.spotify.com/track/42rziXmwGA04hNSMi2MliA
175,"555 (ToT)",Wonderframe,12632,https://open.spotify.com/track/5LcwUVWyRxuOfSawnKlbBV
176,กะทันหัน,"Fymme Bongkot",12612,https://open.spotify.com/track/71rZCPjOAU8WBlXYPHNgRu
177,เรื่องที่ขอ,Lula,12594,https://open.spotify.com/track/3HgsZOoPsu71GnOcAr1wqr
178,รอยยิ้ม,Scrubb,12569,https://open.spotify.com/track/6ezEwX2eZRZlioqYaUPOKX
179,"Don't Go Breaking My Heart","Backstreet Boys",12472,https://open.spotify.com/track/79Mjfhh393dZdAsTvUFDR6
180,"Something Just Like This","The Chainsmokers",12441,https://open.spotify.com/track/6RUKPb4LETWmmr3iAEQktW
181,"MIC Drop (feat. Desiigner) [Steve Aoki Remix]",BTS,12398,https://open.spotify.com/track/7Ed6BkggCS2KaKY5YlINaF
182,ถอย,Gliss,12360,https://open.spotify.com/track/3nJlzw6Gn33fitnoxJtLSj
183,ร่มสีเทา,Whatcharawale,12349,https://open.spotify.com/track/6z56u8jPSSroDFrJVD5cMf
184,"Thinking Out Loud","Ed Sheeran",12190,https://open.spotify.com/track/1Slwb6dOYkBlWal1PGtnNg
185,"Drink About",Seeb,12151,https://open.spotify.com/track/2GGGm4MLQynB3I4E4ycIYC
186,"Look Alive (feat. Drake)","BlocBoy JB",12090,https://open.spotify.com/track/4qKcDkK6siZ7Jp1Jb4m0aL
187,Sniper,"Folly Rae",11946,https://open.spotify.com/track/6YKtXMb7DISTUfYjSSPsEq
188,Closer,"The Chainsmokers",11943,https://open.spotify.com/track/7BKLCZ1jbUBVqRi2FVlTVw
189,ปล่อย,"Pop Pongkool",11851,https://open.spotify.com/track/5eVmR3LXaUuJ4dgXfwcvsx
190,พบกันใหม่,Polycat,11808,https://open.spotify.com/track/4IKn1t0eZZzF5mji1vraVI
191,Drive,"Violette Wautier",11758,https://open.spotify.com/track/1y2ENgtP8xO2TGfcgqTRWm
192,"Hold On Tight",R3HAB,11750,https://open.spotify.com/track/226q4gIbBXEsaqHubcnN19
193,ใช่หรือเปล่า,"เต้ ดาวิชญ์ กรีพลฤกษ์",11727,https://open.spotify.com/track/2SoropeYCGbI2G2yYF57gG
194,เมื่อวาน,"Oat Pramote",11639,https://open.spotify.com/track/0ZQoB8rzr8sK2Jvkc7rkfT
195,"วู่วาม - Unreleased Version","Season Five",11628,https://open.spotify.com/track/2nAUhnLMltzWOHCnjAUsGd
196,Naked,"James Arthur",11543,https://open.spotify.com/track/7krbSH3rd8lhIZvuzTV3Bl
197,"Space For Two","Mr. Probz",11474,https://open.spotify.com/track/2vNyWYQtbrgOKcSG64SZMJ
198,"Galaxy - Acoustic","D Gerrard",11405,https://open.spotify.com/track/5dTrxzGlg1Dnc9rpkOmg52
199,เพื่อนรัก,"The Parkinson",11385,https://open.spotify.com/track/02ILnpL8IvIa9IQX7sSO9I
200,"All Falls Down (feat. Juliander)","Alan Walker",11319,https://open.spotify.com/track/5yFSF6qQA1rcLsQRnBsZgb
