1,"Look What You Made Me Do","Taylor Swift",101676,https://open.spotify.com/track/6uFsE1JgZ20EXyU0JQZbUR
2,"...Ready For It?","Taylor Swift",53190,https://open.spotify.com/track/7zgqtptZvhf8GEmdsM2vp2
3,"What Lovers Do (feat. SZA)","Maroon 5",44238,https://open.spotify.com/track/4mxWSdf71VFO52qFeY0fZt
4,"Friends (with BloodPop®)","Justin Bieber",42183,https://open.spotify.com/track/7nZmah2llfvLDiUjm0kiyz
5,"Feels (feat. Pharrell Williams, Katy Perry & Big Sean)","Calvin Harris",38709,https://open.spotify.com/track/5bcTCxgc7xVfSaMV3RuVke
6,"New Rules","Dua Lipa",36174,https://open.spotify.com/track/2ekn2ttSfGqwhhate0LSR0
7,"Despacito - Remix","Luis Fonsi",36005,https://open.spotify.com/track/5CtI0qwDJkDQGwXD1H1cLb
8,"Back to You (feat. Bebe Rexha & Digital Farm Animals)","Louis Tomlinson",35719,https://open.spotify.com/track/7F9vK8hNFMml4GtHsaXui6
9,รักตัวเอง,"Room 39",35345,https://open.spotify.com/track/46Uqy57KyAT7xBz6BIqdB3
10,"Shape of You","Ed Sheeran",34670,https://open.spotify.com/track/7qiZfU4dY1lWllzX7mPBI3
11,Attention,"Charlie Puth",33330,https://open.spotify.com/track/4iLqG9SeJSnt0cSPICSjxv
12,Havana,"Camila Cabello",32858,https://open.spotify.com/track/0ofbQMrRDsUaVKq2mGLEAb
13,"Sorry Not Sorry","Demi Lovato",31981,https://open.spotify.com/track/25C5CowdsfXld2jJanbiex
14,"Strip That Down","Liam Payne",31573,https://open.spotify.com/track/6EpRaXYhGOB3fj4V2uDkMJ
15,"2U (feat. Justin Bieber)","David Guetta",30367,https://open.spotify.com/track/3A7qX2QjDlPnazUsRk5y0M
16,Silence,Marshmello,30216,https://open.spotify.com/track/7vGuf3Y35N4wmASOKLUVVU
17,รังเกียจกันไหม?,UrboyTJ,28324,https://open.spotify.com/track/3uVe6WBnQlTdT6zWs6uPX9
18,"There for You","Martin Garrix",28174,https://open.spotify.com/track/6jA8HL9i4QGzsj6fjoxp8Y
19,"I'm the One (feat. Justin Bieber, Quavo, Chance the Rapper & Lil Wayne)","DJ Khaled",27796,https://open.spotify.com/track/3DXncPQOG4VBw3QHh3S817
20,1-800-273-8255,Logic,27556,https://open.spotify.com/track/5tz69p7tJuGPeMGwNTxYuV
21,Thunder,"Imagine Dragons",27499,https://open.spotify.com/track/0tKcYR2II1VCQWT79i5NrW
22,Mama,"Jonas Blue",25515,https://open.spotify.com/track/0NiXXAI876aGImAd6rTj8w
23,"Young Dumb & Broke",Khalid,24843,https://open.spotify.com/track/5Z3GHaZ6ec9bsiI5BenrbY
24,"Mi Gente","J Balvin",24781,https://open.spotify.com/track/2rb5MvYT7ZIxbKW5hfcHx8
25,"There's Nothing Holdin' Me Back","Shawn Mendes",24293,https://open.spotify.com/track/79cuOz3SPQTuFrp8WgftAu
26,"I Like Me Better",Lauv,23022,https://open.spotify.com/track/1wjzFQodRWrPcQ0AnYnvQ9
27,"Lonely Together (feat. Rita Ora)",Avicii,22745,https://open.spotify.com/track/2OALaHcDdKkjYEpAr0Qzab
28,"Without You (feat. Sandro Cavazza)",Avicii,22285,https://open.spotify.com/track/6WbADFqMvR8N5u0BvtsWQE
29,"Something Just Like This","The Chainsmokers",21901,https://open.spotify.com/track/6RUKPb4LETWmmr3iAEQktW
30,"Wild Thoughts (feat. Rihanna & Bryson Tiller)","DJ Khaled",21880,https://open.spotify.com/track/1OAh8uOEOvTDqkKFsKksCi
31,คนละชั้น,Jaonaay,21655,https://open.spotify.com/track/6m5sX3sT8egiC6hqQuU382
32,"Slow Hands","Niall Horan",21596,https://open.spotify.com/track/167NczpNbRF7oWakJaY3Hh
33,Unforgettable,"French Montana",21477,https://open.spotify.com/track/3B54sVLJ402zGa6Xm4YGNe
34,"จังหวะจะรัก - From “Heartbeat” Original Soundtrack","Violette Wautier",21444,https://open.spotify.com/track/1ux0god9zERqovPLrzRdBT
35,ก่อนฤดูฝน,"The Toys",20297,https://open.spotify.com/track/1oyYuiIundjUzgi0oyBNyB
36,"Your Song","Rita Ora",19679,https://open.spotify.com/track/4c2W3VKsOFoIg2SFaO6DY5
37,พัง..(ลำพัง),Getsunova,19201,https://open.spotify.com/track/0hTyySmaM27kaBNofAYOdr
38,"XO TOUR Llif3","Lil Uzi Vert",19082,https://open.spotify.com/track/7GX5flRQZVHRAGd6B4TmDO
39,"More Than You Know","Axwell /\ Ingrosso",19043,https://open.spotify.com/track/3PEgB3fkiojxms35ntsTgs
40,เผด็จเกิร์ล,"Tattoo Colour",18851,https://open.spotify.com/track/6dnXdI7OhOJYvVjlT6pR03
41,มีแฟนแล้ว,"Oat Pramote",18397,https://open.spotify.com/track/6IDsfMh7YJlE3R2mB1DYXH
42,"Rich Love (with Seeb)",OneRepublic,18358,https://open.spotify.com/track/7aF09WaavZAmAWuUeYxlYD
43,"As If It's Your Last",BLACKPINK,18151,https://open.spotify.com/track/1Zyd6zQnC6XIIzmg3hP7Ot
44,"Glorious (feat. Skylar Grey)",Macklemore,18122,https://open.spotify.com/track/3HVr6jTVwBHBa2flM0eURR
45,"Ko Ko Bop",EXO,17919,https://open.spotify.com/track/5EzitieoPnjyKHAq0gfRMa
46,ช่วงนี้(Karma),"Atom Chanakan",17408,https://open.spotify.com/track/3LbX6aIcOxB1p0pOpYPLVu
47,"Super Far",LANY,16803,https://open.spotify.com/track/74ODGXs4byLTRdnKGM4s6E
48,"What About Us",P!nk,16514,https://open.spotify.com/track/31MkGwj0SWgZaTvEt5Hgxv
49,"Galway Girl","Ed Sheeran",16105,https://open.spotify.com/track/0afhq8XCExXpqazXczTSve
50,Believer,"Imagine Dragons",15537,https://open.spotify.com/track/0CcQNd8CINkwQfe1RDtGV6
51,HUMBLE.,"Kendrick Lamar",14809,https://open.spotify.com/track/7KXjTSCq5nL1LoYtL7XAwS
52,Photograph,"Ed Sheeran",14071,https://open.spotify.com/track/6fxVffaTuwjgEk5h9QyRjy
53,"Pretty Girl - Cheat Codes X CADE Remix","Maggie Lindemann",14029,https://open.spotify.com/track/1NDxZ7cFAo481dtYWdrUnR
54,"Bank Account","21 Savage",13445,https://open.spotify.com/track/5eqK0tbzUPo2SoeZsov04s
55,"Fetish (feat. Gucci Mane)","Selena Gomez",13245,https://open.spotify.com/track/0XLOf9LhyazPX9Ld8jPiUq
56,"โทษที่เอาแต่ใจ (sorry)","Peck Palitchoke",13083,https://open.spotify.com/track/4MSnsmZbrh25VE8IJcZufb
57,"That's What I Like","Bruno Mars",12956,https://open.spotify.com/track/0KKkJNfGyhkQ5aFogxQAPU
58,"Blank Space","Taylor Swift",12782,https://open.spotify.com/track/1u8c2t2Cy7UBoG4ArRcF5g
59,"Bodak Yellow","Cardi B",12692,https://open.spotify.com/track/2771LMNxwf62FTAdpJMQfM
60,มือลั่น,"Jazz Spooknickpapiyongkookkook",12677,https://open.spotify.com/track/6elsRmdqv0DGmmppxnqm4q
61,Congratulations,"Post Malone",12384,https://open.spotify.com/track/3a1lNhkSLSkpJE4MSHpDu9
62,เป็นทุกอย่าง,"Room 39",12252,https://open.spotify.com/track/54BVTgTpCjK8cRhTFDjHNK
63,Energetic,"Wanna One",12045,https://open.spotify.com/track/3CEs5Jnov3YkmYn0Vezrcr
64,"Jocelyn Flores",XXXTENTACION,11953,https://open.spotify.com/track/7m9OqQk4RVRkw9JJdeAw96
65,ไม่อยากฟัง,UrboyTJ,11739,https://open.spotify.com/track/1aCn29zlPjEYcIyYKNm7fP
66,"Symphony (feat. Zara Larsson)","Clean Bandit",11720,https://open.spotify.com/track/1x5sYLZiu9r5E43kMlt9f8
67,นวด,Palmy,11464,https://open.spotify.com/track/3ElQaABWL55eqagqUocEYW
68,"Despacito (Featuring Daddy Yankee)","Luis Fonsi",11441,https://open.spotify.com/track/4aWmUDTfIPGksMNLV2rQP2
69,"BUTTERFLY EFFECT","Travis Scott",11132,https://open.spotify.com/track/1yxgsra98r3qAtxqiGZPiX
70,"Shake It Off","Taylor Swift",10685,https://open.spotify.com/track/0cqRj7pUJDkTCEsJkx8snD
71,Closer,"The Chainsmokers",10629,https://open.spotify.com/track/7BKLCZ1jbUBVqRi2FVlTVw
72,Tired,"Alan Walker",10533,https://open.spotify.com/track/3b5Li4QKDVBx1x7fQuu54a
73,"Fuck Love (feat. Trippie Redd)",XXXTENTACION,10400,https://open.spotify.com/track/7AQim7LbvFVZJE3O8TYgf2
74,"Spring Day",BTS,10251,https://open.spotify.com/track/0WNGsQ1oAuHzNTk8jivBKW
75,รอยยิ้มของวันพรุ่งนี้,"TOR+ Saksit",10179,https://open.spotify.com/track/6xfSWlLiaHknC9wYNI2M0a
76,หน้าหนาวที่แล้ว,"The Toys",10119,https://open.spotify.com/track/5mVeBv0bUZPJU7kPZcm594
77,"แพ้แล้วพาล - เพลงประกอบ Club Friday The Series To Be Continued ตอน รักลองใจ",Ploychompoo,9859,https://open.spotify.com/track/3fM2nCi0ncKoTUYeiHkPQ2
78,"If I'm Lucky","Jason Derulo",9721,https://open.spotify.com/track/6eUncuJutsFi9BGO1JaBHh
79,"Blood Sweat & Tears",BTS,9705,https://open.spotify.com/track/5RGf8qn1TBWVplLyyKUsuV
80,"Swalla (feat. Nicki Minaj & Ty Dolla $ign)","Jason Derulo",9555,https://open.spotify.com/track/6kex4EBAj0WHXDKZMEJaaF
81,Restart,"Room 39",9308,https://open.spotify.com/track/1pjVBWRTyPG3WXlxTNYT3U
82,"Tell Me You Love Me","Demi Lovato",9288,https://open.spotify.com/track/65MOTX6uSFAnqXl7dlAuId
83,"ปลายทางที่ว่างเปล่า - เพลงประกอบ Club Friday Celeb's Stories","Aof Pongsak",9286,https://open.spotify.com/track/34EtCXSXdm8iR2psCUGpwU
84,"전야 前夜 The Eve",EXO,9284,https://open.spotify.com/track/2ujA6F1cpk3m8lsPE5aKua
85,"Let's Go",Lipta,9243,https://open.spotify.com/track/3AenWjAY3QOYyInNTBOuNX
86,เธอทำให้ได้รู้,Potato,9220,https://open.spotify.com/track/3YrKiQmCq64ZYeex4ifd17
87,ยังคิดถึง...(Same),"Marc Tatchapon",9209,https://open.spotify.com/track/1OlInnJssr9pXY0Ooa0SDT
88,เฉยเมย,YOUNGOHM,9081,https://open.spotify.com/track/6XPCoGblXqyvcyp31vzRyL
89,"Wildest Dreams","Taylor Swift",9066,https://open.spotify.com/track/3fVnlF4pGqWI9flVENcT28
90,ทุกคนเคยร้องไห้,"Pang Nakarin",9047,https://open.spotify.com/track/35xujz4rBKjBkVLx2AoD6Y
91,"Burn It Up","Wanna One",9012,https://open.spotify.com/track/0WJVy5IYA9AeAI1htZDq0C
92,"I Don’t Wanna Live Forever (Fifty Shades Darker) - From ""Fifty Shades Darker (Original Motion Picture Soundtrack)""",ZAYN,9010,https://open.spotify.com/track/3NdDpSvN911VPGivFlV5d0
93,"I Knew You Were Trouble.","Taylor Swift",8991,https://open.spotify.com/track/72jCZdH0Lhg93z6Z4hBjgj
94,"Love Yourself","Justin Bieber",8977,https://open.spotify.com/track/3hB5DgAiMAQ4DzYbsMq1IT
95,"รู้สึก (Diary)",Scrubb,8767,https://open.spotify.com/track/7bUsQIWIirvF3tsNfee1zk
96,"No Promises (feat. Demi Lovato)","Cheat Codes",8766,https://open.spotify.com/track/1louJpMmzEicAn7lzDalPW
97,Rain,"The Script",8591,https://open.spotify.com/track/2QWP8NYYplOqEFBYGCcq0S
98,Style,"Taylor Swift",8564,https://open.spotify.com/track/0ug5NqcwcFR2xrfTkc7k8e
99,"Side To Side","Ariana Grande",8447,https://open.spotify.com/track/4pLwZjInHj3SimIyN9SnOz
100,Sugar,"Maroon 5",8427,https://open.spotify.com/track/494OU6M7NOf4ICYb4zWCf5
101,Why,"Sabrina Carpenter",8410,https://open.spotify.com/track/2jYmK1cb3Uya6FFsocdpzO
102,เพียง,"Chart Suchart",8378,https://open.spotify.com/track/5uv1Q92Nv4l7nsuTvnwT9L
103,Gashina,SUNMI,8368,https://open.spotify.com/track/0jFHMDRXxKaREor3hBEEST
104,"All Night","Girls' Generation",8312,https://open.spotify.com/track/1UwERmn5UogyCz6qo21BmA
105,"빨간 맛 Red Flavor","Red Velvet",8271,https://open.spotify.com/track/7nKQ5WAcjnG48knyLuo8gO
106,Paris,"The Chainsmokers",8232,https://open.spotify.com/track/72jbDTw1piOOj770jWNeaG
107,"Versace On The Floor","Bruno Mars",8226,https://open.spotify.com/track/0kN8xEmgMW9mh7UmDYHlJP
108,"WHISTLE - KR Ver.",BLACKPINK,8196,https://open.spotify.com/track/67BbMuItfrHmaNqDxBPF7c
109,"PLAYING WITH FIRE - KR Ver.",BLACKPINK,8039,https://open.spotify.com/track/5OepnJhqZoyJN8qWo2LZzy
110,โอ้เธอ,"Songkarn Rangsant",7911,https://open.spotify.com/track/31NK9ucTVypJ7txSyNq52G
111,"Say You Won't Let Go","James Arthur",7899,https://open.spotify.com/track/5uCax9HTNlzGybIStD3vDh
112,"Stay With You","Cheat Codes",7857,https://open.spotify.com/track/7q8jJ1XZEliBakZSUMFde5
113,"Rock the World","The Script",7820,https://open.spotify.com/track/3njZlgsB9MI6DVTg8wDPsg
114,"จีบ...(May I)","Namm Ronnadet",7817,https://open.spotify.com/track/3F5jmTgXeY1zS2ATt4cR7L
115,Boys,"Charli XCX",7733,https://open.spotify.com/track/5o4yGlG0PfeVUa6ClIyOxq
116,"Stay (with Alessia Cara)",Zedd,7704,https://open.spotify.com/track/0dA2Mk56wEzDgegdC6R17g
117,Questions,"Chris Brown",7696,https://open.spotify.com/track/5XQMr19TL7Mfksq9zihbOu
118,"We Don't Talk Anymore (feat. Selena Gomez)","Charlie Puth",7689,https://open.spotify.com/track/68EMU2RD1ECNeOeJ5qAXCV
119,"Thinking Out Loud","Ed Sheeran",7675,https://open.spotify.com/track/1Slwb6dOYkBlWal1PGtnNg
120,ถ้าฉันได้กลับไป,"New & Jiew",7655,https://open.spotify.com/track/38GbQx7pmafGeVhB0Zqokb
121,พบเธอก่อน,"Mint Pattarasaya",7522,https://open.spotify.com/track/0NtmQETo6rL2TNhNNXkeDk
122,"Clean Food (feat. ฟักกลิ้ง ฮีโร่)","Boom Boom Cash",7517,https://open.spotify.com/track/4s4zrY6U42qAbFVcSDpRm5
123,อย่างที่ฉันเป็น,"Room 39",7504,https://open.spotify.com/track/5pQldwAtnxe6WWY7s05GUc
124,TURNT,Thaitanium,7498,https://open.spotify.com/track/4054xwBz6ZYo1y2Ab6Yqx1
125,"Bad Luck",Lipta,7390,https://open.spotify.com/track/6KtTbMttJ8ZtMG6VMds2B2
126,"Don't Wanna Cry",SEVENTEEN,7351,https://open.spotify.com/track/6Upu6yjkdi0DVI8E3IBZEU
127,"Stay With Me",CHANYEOL,7324,https://open.spotify.com/track/1HYzRuWjmS9LXCkdVHi25K
128,"Me Rehúso","Danny Ocean",7313,https://open.spotify.com/track/6De0lHrwBfPfrhorm9q1Xl
129,เวลาของเรา,"TOR+ Saksit",7312,https://open.spotify.com/track/2OtGVOEt6BEVj21cT2oZhp
130,OMG,"Camila Cabello",7311,https://open.spotify.com/track/4xBjsLUSjcx2h7PcRikpQp
131,"Bad Blood","Taylor Swift",7263,https://open.spotify.com/track/0TvQLMecTE8utzoNmvXRbK
132,"I Feel It Coming","The Weeknd",7191,https://open.spotify.com/track/5GXAXm5YOmYT0kL5jHvYBt
133,"Would You Ever",Skrillex,7186,https://open.spotify.com/track/57p8CBvPOxrvyCbn6ttl5r
134,บทสุดท้าย,"BANKK CA$H",7165,https://open.spotify.com/track/0xpkfml0e404bgSA0C9U2T
135,"Treat You Better","Shawn Mendes",7159,https://open.spotify.com/track/4Hf7WnR761jpxPr5D46Bcd
136,อย่าเพิ่งใจร้าย,"The Mousses",7151,https://open.spotify.com/track/5S2aCEv3wt0bukp7nmhw52
137,Down,"Fifth Harmony",7127,https://open.spotify.com/track/20H2Hd5AkUcRjB4yL3UQtJ
138,เธอคือของขวัญ,"Singto Numchok",7117,https://open.spotify.com/track/46Sl1ZdGrMdbdKQ63loc6h
139,เจ็บจนไม่เข้าใจ,PORTRAIT,7102,https://open.spotify.com/track/4URCEQmgwuwaHiySIqGmIa
140,รักฉันเพราะอะไร,"Blue Shade",7100,https://open.spotify.com/track/79izskDjIFirB2o7uD2Jfk
141,Location,Khalid,7021,https://open.spotify.com/track/152lZdxL1OR0ZMW6KquMif
142,"ทางของฝุ่น (Dust)","Atom Chanakan",7005,https://open.spotify.com/track/3XfygeAG5SFzEVaQJEKY49
143,"ปากแข็ง (Just in my mind) - เพลงประกอบซีรีส์ Slam Dance ทุ่มฝันสนั่นฟลอร์",Mild,6994,https://open.spotify.com/track/3ALshyY9fzcWICITSHC3km
144,"Feel It Still","Portugal. The Man",6927,https://open.spotify.com/track/6QgjcU0zLnzq5OrUoSZ3OK
145,"ฉันเข้าใจ (feat. Room 39 & Two Popetorn)","Boyd Kosiyabong",6900,https://open.spotify.com/track/6vN56p7fD0VUbPkU5nsDuH
146,"We Are Never Ever Getting Back Together","Taylor Swift",6893,https://open.spotify.com/track/7AEAGTc8cReDqcbPoY9gwo
147,"Not Today",BTS,6865,https://open.spotify.com/track/4hrpoqJMVE7FxBu1YWx0eQ
148,Perfect,"Ed Sheeran",6811,https://open.spotify.com/track/0tgVpDi06FyKpA1z0VMD4v
149,打上花火,DAOKO×米津玄師,6796,https://open.spotify.com/track/7pcTLUekZJQnzDOUDuExVJ
150,อยากฟัง,"Violette Wautier",6783,https://open.spotify.com/track/7pQEnyiyYsrw9YGMGLv4dU
151,อย่าคิดมาก,"The Others",6771,https://open.spotify.com/track/3zskFunjono7DIKxEjkxZU
152,"BOOMBAYAH - KR Ver.",BLACKPINK,6768,https://open.spotify.com/track/1qAPA8TooLVEqAZ58fhcrt
153,ลืมไปก่อน,"Buddha Bless",6722,https://open.spotify.com/track/6Rpj87GuuE59nij1NVmpzD
154,"One Last Time","Ariana Grande",6707,https://open.spotify.com/track/7bJwvubZZaoGE1AGEfu8Fi
155,เจ็บละเนาะ,เพชร-แตน,6605,https://open.spotify.com/track/5KchTsXkMzTri0BCXDDcnN
156,ทำดีไม่เคยจำ,Cocktail,6593,https://open.spotify.com/track/2hwjzwVgSCtCWJnnQmk0sf
157,Starboy,"The Weeknd",6577,https://open.spotify.com/track/5aAx2yezTd8zXrkmtKl66Z
158,"BANG BANG BANG - KR Ver.",BIGBANG,6553,https://open.spotify.com/track/6iu311jZAJFLPgoIWgrA72
159,เรื่องที่ขอ,Lula,6503,https://open.spotify.com/track/6ZDl7YLiNjey9VOdEM3pok
160,Maps,"Maroon 5",6443,https://open.spotify.com/track/4gbVRS8gloEluzf0GzDOFc
161,"The Cure","Lady Gaga",6414,https://open.spotify.com/track/51PIvodunv6NmX5250zxAh
162,"Written in the Scars","The Script",6365,https://open.spotify.com/track/4jyVtsexyS1kY6X3X3gmAw
163,หลอกให้รัก,"The Mousses",6275,https://open.spotify.com/track/3Oy5fg7uR3bwSK5MA7PS5M
164,"Lost Stars","Adam Levine",6264,https://open.spotify.com/track/1ejtHfSXQwvaAU7F82FXww
165,อย่าให้ฉันคิด,"Room 39",6238,https://open.spotify.com/track/03p70BWvxnhNIMwL70nBEP
166,"Don't Let Me Down","The Chainsmokers",6197,https://open.spotify.com/track/0QsvXIfqM0zZoerQfsI9lm
167,คนที่คุณก็รู้ว่าใคร,Stamp,6187,https://open.spotify.com/track/3usWyH1du9AWTTxUIMOh79
168,"러시안 룰렛 Russian Roulette","Red Velvet",6178,https://open.spotify.com/track/7AvXrOVEVRcfXxme2wo6Im
169,หมายความว่าอะไร,MEAN,6177,https://open.spotify.com/track/63rLjQUFTxemPqACev1by7
170,อ้าว,"Atom Chanakan",6158,https://open.spotify.com/track/6gvnmsiH3CI9TLGPoXx7kE
171,"WAKE ME UP",TAEYANG,6154,https://open.spotify.com/track/0vBUsN3rew8OjgowVwykOn
172,"Love Story","Taylor Swift",6149,https://open.spotify.com/track/1vrd6UOGamcKNGnSHJQlSt
173,เธอเปลี่ยนไปแล้ว,SIN,6132,https://open.spotify.com/track/62OEnIdw0jYZWz2WJTFlmI
174,"Complicated (feat. Kiiara)","Dimitri Vegas & Like Mike",6119,https://open.spotify.com/track/1Sl3njkhhz8nrSPZroDQ82
175,"Love Galore (feat. Travis Scott)",SZA,6115,https://open.spotify.com/track/0q75NwOoFiARAVp4EXU4Bs
176,"Slide (feat. Frank Ocean & Migos)","Calvin Harris",6095,https://open.spotify.com/track/7tr2za8SQg2CI8EDgrdtNl
177,"Felices los 4",Maluma,6092,https://open.spotify.com/track/0qYTZCo5Bwh1nsUFGZP3zn
178,"REALLY REALLY",WINNER,6091,https://open.spotify.com/track/02UNF1uo5f0UNgc1qx5XGt
179,"We Young","NCT DREAM",6091,https://open.spotify.com/track/2nChvM2Tyv1ib8AvfCJcOe
180,สายตายาว,"Sugar Eyes",6026,https://open.spotify.com/track/3YxN5Jakhag4zN7OE3IcL8
181,"รู้ยัง - Acoustic Live Session","Ton Thanasit",6026,https://open.spotify.com/track/6ZKJbL6CkzpDDYeY2SPjeQ
182,"Everything Has Changed","Taylor Swift",6001,https://open.spotify.com/track/4NAmRvqSITAAzKWnC8yRq3
183,Bonita,"J Balvin",5989,https://open.spotify.com/track/693iqPOQvhI7PobtR8CC8v
184,ครั้งหนึ่งไม่ถึงตาย,KLEAR,5986,https://open.spotify.com/track/1H0gOyCNo1NKWFmM8VMIeN
185,Monster,EXO,5986,https://open.spotify.com/track/6lM6yIDZ7kxFsgQCCfaLE2
186,"You Belong With Me","Taylor Swift",5974,https://open.spotify.com/track/3GCL1PydwsLodcpv0Ll1ch
187,"หัวใจทศกัณฐ์(Devil's Heart)","Keng Tachaya",5948,https://open.spotify.com/track/13OiQUzHROJBNGRxcs7nSu
188,"Get Low (with Liam Payne)",Zedd,5917,https://open.spotify.com/track/1CKd1PnqfYx0H12V9MSaIY
189,"The Scientist",Coldplay,5914,https://open.spotify.com/track/75JFxkI2RXiU7L9VXzMkle
190,"She Will Be Loved - Radio Mix","Maroon 5",5905,https://open.spotify.com/track/4llK75pXNWZz6KAho2Gp16
191,Holiday,"Girls' Generation",5899,https://open.spotify.com/track/1Bjy9ZtwMle3uhVgoBgiGN
192,Wait,"Martin Jensen",5858,https://open.spotify.com/track/5XiZK7m9PLppgIzJBpw2x5
193,Sorry,"Justin Bieber",5853,https://open.spotify.com/track/69bp2EbF7Q2rqc5N3ylezZ
194,"24K Magic","Bruno Mars",5838,https://open.spotify.com/track/6b8Be6ljOzmkOmFslEb23P
195,ยินดีที่ได้รัก,S.D.F,5809,https://open.spotify.com/track/5CclbtfH4QbBDF3lT4D8Ue
196,คนมีเสน่ห์,"Pang Nakarin",5799,https://open.spotify.com/track/0K1IFlNBUIbjazOC26dq9Q
197,Timehop,"Earth Patravee",5773,https://open.spotify.com/track/1lKuMKrrRL0Hi2JLoDRVnT
198,แพ้ทาง,Labanoon,5765,https://open.spotify.com/track/1l9pbc3jtAMjqnFwXoOrOI
199,ความจริง,"Room 39",5762,https://open.spotify.com/track/03JGgPqVY9lYDqFSV6BXMN
200,"Reggaetón Lento (Remix)",CNCO,5754,https://open.spotify.com/track/3zoYkqS4y2BsGVShPL2nTE
1,"Look What You Made Me Do","Taylor Swift",79252,https://open.spotify.com/track/6uFsE1JgZ20EXyU0JQZbUR
2,"Too Good At Goodbyes - Edit","Sam Smith",71619,https://open.spotify.com/track/0mel2N9Ws9r4yLQn5QE21Y
3,"...Ready For It?","Taylor Swift",52007,https://open.spotify.com/track/19WjVVgXjdKXfLXoaDPwTM
4,"What Lovers Do (feat. SZA)","Maroon 5",47378,https://open.spotify.com/track/4mxWSdf71VFO52qFeY0fZt
5,"New Rules","Dua Lipa",44924,https://open.spotify.com/track/2ekn2ttSfGqwhhate0LSR0
6,"Dusk Till Dawn - Radio Edit",ZAYN,42616,https://open.spotify.com/track/1j4kHkkpqZRBwE0A4CN4Yv
7,"Back to You (feat. Bebe Rexha & Digital Farm Animals)","Louis Tomlinson",41735,https://open.spotify.com/track/7F9vK8hNFMml4GtHsaXui6
8,รักตัวเอง,"Room 39",41543,https://open.spotify.com/track/46Uqy57KyAT7xBz6BIqdB3
9,"Friends (with BloodPop®)","Justin Bieber",40932,https://open.spotify.com/track/7nZmah2llfvLDiUjm0kiyz
10,"Feels (feat. Pharrell Williams, Katy Perry & Big Sean)","Calvin Harris",38905,https://open.spotify.com/track/5bcTCxgc7xVfSaMV3RuVke
11,Havana,"Camila Cabello",38053,https://open.spotify.com/track/0ofbQMrRDsUaVKq2mGLEAb
12,1-800-273-8255,Logic,37761,https://open.spotify.com/track/5tz69p7tJuGPeMGwNTxYuV
13,"Strip That Down","Liam Payne",37472,https://open.spotify.com/track/6EpRaXYhGOB3fj4V2uDkMJ
14,"Sorry Not Sorry","Demi Lovato",37404,https://open.spotify.com/track/25C5CowdsfXld2jJanbiex
15,"Shape of You","Ed Sheeran",37018,https://open.spotify.com/track/7qiZfU4dY1lWllzX7mPBI3
16,Attention,"Charlie Puth",36903,https://open.spotify.com/track/4iLqG9SeJSnt0cSPICSjxv
17,Silence,Marshmello,34820,https://open.spotify.com/track/7vGuf3Y35N4wmASOKLUVVU
18,รังเกียจกันไหม?,UrboyTJ,33647,https://open.spotify.com/track/3uVe6WBnQlTdT6zWs6uPX9
19,Thunder,"Imagine Dragons",33068,https://open.spotify.com/track/0tKcYR2II1VCQWT79i5NrW
20,"Despacito - Remix","Luis Fonsi",32853,https://open.spotify.com/track/5CtI0qwDJkDQGwXD1H1cLb
21,"2U (feat. Justin Bieber)","David Guetta",32695,https://open.spotify.com/track/3A7qX2QjDlPnazUsRk5y0M
22,Mama,"Jonas Blue",30451,https://open.spotify.com/track/0NiXXAI876aGImAd6rTj8w
23,"I'm the One (feat. Justin Bieber, Quavo, Chance the Rapper & Lil Wayne)","DJ Khaled",28053,https://open.spotify.com/track/3DXncPQOG4VBw3QHh3S817
24,"Young Dumb & Broke",Khalid,27958,https://open.spotify.com/track/5Z3GHaZ6ec9bsiI5BenrbY
25,"Lonely Together (feat. Rita Ora)",Avicii,27929,https://open.spotify.com/track/2OALaHcDdKkjYEpAr0Qzab
26,"Mi Gente","J Balvin",27878,https://open.spotify.com/track/2rb5MvYT7ZIxbKW5hfcHx8
27,"Something Just Like This","The Chainsmokers",27689,https://open.spotify.com/track/6RUKPb4LETWmmr3iAEQktW
28,"There for You","Martin Garrix",27317,https://open.spotify.com/track/6jA8HL9i4QGzsj6fjoxp8Y
29,"Slow Hands","Niall Horan",26643,https://open.spotify.com/track/167NczpNbRF7oWakJaY3Hh
30,"จังหวะจะรัก - From “Heartbeat” Original Soundtrack","Violette Wautier",26416,https://open.spotify.com/track/1ux0god9zERqovPLrzRdBT
31,"I Like Me Better",Lauv,25861,https://open.spotify.com/track/1wjzFQodRWrPcQ0AnYnvQ9
32,"Your Song","Rita Ora",25762,https://open.spotify.com/track/4c2W3VKsOFoIg2SFaO6DY5
33,มีแฟนแล้ว,"Oat Pramote",24619,https://open.spotify.com/track/6IDsfMh7YJlE3R2mB1DYXH
34,"Wild Thoughts (feat. Rihanna & Bryson Tiller)","DJ Khaled",24280,https://open.spotify.com/track/1OAh8uOEOvTDqkKFsKksCi
35,"There's Nothing Holdin' Me Back","Shawn Mendes",24076,https://open.spotify.com/track/79cuOz3SPQTuFrp8WgftAu
36,"Without You (feat. Sandro Cavazza)",Avicii,23901,https://open.spotify.com/track/6WbADFqMvR8N5u0BvtsWQE
37,ก่อนฤดูฝน,"The Toys",23757,https://open.spotify.com/track/1oyYuiIundjUzgi0oyBNyB
38,"Super Far",LANY,23262,https://open.spotify.com/track/74ODGXs4byLTRdnKGM4s6E
39,Unforgettable,"French Montana",21696,https://open.spotify.com/track/3B54sVLJ402zGa6Xm4YGNe
40,คนละชั้น,Jaonaay,19895,https://open.spotify.com/track/6m5sX3sT8egiC6hqQuU382
41,"Ko Ko Bop",EXO,19738,https://open.spotify.com/track/5EzitieoPnjyKHAq0gfRMa
42,ช่วงนี้(Karma),"Atom Chanakan",19614,https://open.spotify.com/track/3LbX6aIcOxB1p0pOpYPLVu
43,"More Than You Know","Axwell /\ Ingrosso",19494,https://open.spotify.com/track/3PEgB3fkiojxms35ntsTgs
44,"What About Us",P!nk,18918,https://open.spotify.com/track/31MkGwj0SWgZaTvEt5Hgxv
45,"Galway Girl","Ed Sheeran",18626,https://open.spotify.com/track/0afhq8XCExXpqazXczTSve
46,"Glorious (feat. Skylar Grey)",Macklemore,18385,https://open.spotify.com/track/3HVr6jTVwBHBa2flM0eURR
47,เผด็จเกิร์ล,"Tattoo Colour",17977,https://open.spotify.com/track/6dnXdI7OhOJYvVjlT6pR03
48,"Rich Love (with Seeb)",OneRepublic,17287,https://open.spotify.com/track/7aF09WaavZAmAWuUeYxlYD
49,Believer,"Imagine Dragons",16678,https://open.spotify.com/track/0CcQNd8CINkwQfe1RDtGV6
50,"As If It's Your Last",BLACKPINK,16330,https://open.spotify.com/track/1Zyd6zQnC6XIIzmg3hP7Ot
51,"หัวใจทศกัณฐ์(Devil's Heart)","Keng Tachaya",15075,https://open.spotify.com/track/13OiQUzHROJBNGRxcs7nSu
52,พัง..(ลำพัง),Getsunova,14609,https://open.spotify.com/track/0hTyySmaM27kaBNofAYOdr
53,"Jocelyn Flores",XXXTENTACION,14398,https://open.spotify.com/track/7m9OqQk4RVRkw9JJdeAw96
54,บทสุดท้าย,"BANKK CA$H",13812,https://open.spotify.com/track/0xpkfml0e404bgSA0C9U2T
55,"XO TOUR Llif3","Lil Uzi Vert",13771,https://open.spotify.com/track/7GX5flRQZVHRAGd6B4TmDO
56,Gashina,SUNMI,13491,https://open.spotify.com/track/0jFHMDRXxKaREor3hBEEST
57,ทุกคนเคยร้องไห้,"Pang Nakarin",13060,https://open.spotify.com/track/35xujz4rBKjBkVLx2AoD6Y
58,Closer,"The Chainsmokers",12888,https://open.spotify.com/track/7BKLCZ1jbUBVqRi2FVlTVw
59,Tired,"Alan Walker",12672,https://open.spotify.com/track/3b5Li4QKDVBx1x7fQuu54a
60,"Symphony (feat. Zara Larsson)","Clean Bandit",12563,https://open.spotify.com/track/1x5sYLZiu9r5E43kMlt9f8
61,"That's What I Like","Bruno Mars",12349,https://open.spotify.com/track/0KKkJNfGyhkQ5aFogxQAPU
62,"Bodak Yellow","Cardi B",12338,https://open.spotify.com/track/2771LMNxwf62FTAdpJMQfM
63,"Let Me Go (with Alesso, Florida Georgia Line & watt)","Hailee Steinfeld",12291,https://open.spotify.com/track/5Gu0PDLN4YJeW75PpBSg9p
64,มือลั่น,"Jazz Spooknickpapiyongkookkook",12199,https://open.spotify.com/track/6elsRmdqv0DGmmppxnqm4q
65,"Bank Account","21 Savage",12194,https://open.spotify.com/track/5eqK0tbzUPo2SoeZsov04s
66,"โทษที่เอาแต่ใจ (sorry)","Peck Palitchoke",12194,https://open.spotify.com/track/4MSnsmZbrh25VE8IJcZufb
67,HUMBLE.,"Kendrick Lamar",12175,https://open.spotify.com/track/7KXjTSCq5nL1LoYtL7XAwS
68,หน้าหนาวที่แล้ว,"The Toys",12025,https://open.spotify.com/track/5mVeBv0bUZPJU7kPZcm594
69,Power,EXO,11983,https://open.spotify.com/track/53YZi9zgTnF0Py0K6ejyWz
70,Rain,"The Script",11566,https://open.spotify.com/track/2QWP8NYYplOqEFBYGCcq0S
71,"Pretty Girl - Cheat Codes X CADE Remix","Maggie Lindemann",11428,https://open.spotify.com/track/1NDxZ7cFAo481dtYWdrUnR
72,เป็นทุกอย่าง,"Room 39",11193,https://open.spotify.com/track/54BVTgTpCjK8cRhTFDjHNK
73,Photograph,"Ed Sheeran",11033,https://open.spotify.com/track/6fxVffaTuwjgEk5h9QyRjy
74,Energetic,"Wanna One",10883,https://open.spotify.com/track/3CEs5Jnov3YkmYn0Vezrcr
75,Congratulations,"Post Malone",10764,https://open.spotify.com/track/3a1lNhkSLSkpJE4MSHpDu9
76,"If I'm Lucky","Jason Derulo",10580,https://open.spotify.com/track/6eUncuJutsFi9BGO1JaBHh
77,Why,"Sabrina Carpenter",10574,https://open.spotify.com/track/2jYmK1cb3Uya6FFsocdpzO
78,เฉยเมย,YOUNGOHM,10501,https://open.spotify.com/track/6XPCoGblXqyvcyp31vzRyL
79,"Spring Day",BTS,10483,https://open.spotify.com/track/0WNGsQ1oAuHzNTk8jivBKW
80,"Let's Go",Lipta,10474,https://open.spotify.com/track/3AenWjAY3QOYyInNTBOuNX
81,เพียง,"Chart Suchart",10310,https://open.spotify.com/track/5uv1Q92Nv4l7nsuTvnwT9L
82,"BUTTERFLY EFFECT","Travis Scott",10212,https://open.spotify.com/track/1yxgsra98r3qAtxqiGZPiX
83,Paris,"The Chainsmokers",10115,https://open.spotify.com/track/72jbDTw1piOOj770jWNeaG
84,"Stay With You","Cheat Codes",10100,https://open.spotify.com/track/7q8jJ1XZEliBakZSUMFde5
85,อย่าเพิ่งใจร้าย,"The Mousses",10029,https://open.spotify.com/track/5S2aCEv3wt0bukp7nmhw52
86,นวด,Palmy,9985,https://open.spotify.com/track/3ElQaABWL55eqagqUocEYW
87,"Staying Up",Matoma,9886,https://open.spotify.com/track/3uB6rxXYjmMEhOVJT763S6
88,"Despacito (Featuring Daddy Yankee)","Luis Fonsi",9799,https://open.spotify.com/track/4aWmUDTfIPGksMNLV2rQP2
89,"No Promises (feat. Demi Lovato)","Cheat Codes",9758,https://open.spotify.com/track/1louJpMmzEicAn7lzDalPW
90,"Fuck Love (feat. Trippie Redd)",XXXTENTACION,9295,https://open.spotify.com/track/7AQim7LbvFVZJE3O8TYgf2
91,รอยยิ้มของวันพรุ่งนี้,"TOR+ Saksit",9219,https://open.spotify.com/track/6xfSWlLiaHknC9wYNI2M0a
92,"Blank Space","Taylor Swift",9116,https://open.spotify.com/track/1u8c2t2Cy7UBoG4ArRcF5g
93,"Blood Sweat & Tears",BTS,9037,https://open.spotify.com/track/5RGf8qn1TBWVplLyyKUsuV
94,"Swalla (feat. Nicki Minaj & Ty Dolla $ign)","Jason Derulo",9007,https://open.spotify.com/track/6kex4EBAj0WHXDKZMEJaaF
95,Boys,"Charli XCX",8978,https://open.spotify.com/track/5o4yGlG0PfeVUa6ClIyOxq
96,"Bad Luck",Lipta,8843,https://open.spotify.com/track/6KtTbMttJ8ZtMG6VMds2B2
97,"Fetish (feat. Gucci Mane)","Selena Gomez",8683,https://open.spotify.com/track/0XLOf9LhyazPX9Ld8jPiUq
98,Restart,"Room 39",8677,https://open.spotify.com/track/1pjVBWRTyPG3WXlxTNYT3U
99,"I'm Not The Only One","Sam Smith",8628,https://open.spotify.com/track/0fioLzGM8ngbD1w6fMmm45
100,เธอทำให้ได้รู้,Potato,8589,https://open.spotify.com/track/3YrKiQmCq64ZYeex4ifd17
101,"Stay With Me","Sam Smith",8504,https://open.spotify.com/track/5Db9VIdDsN5yu3Eu7CT0i4
102,เรื่องที่ขอ,Lula,8479,https://open.spotify.com/track/6ZDl7YLiNjey9VOdEM3pok
103,"Burn It Up","Wanna One",8449,https://open.spotify.com/track/0WJVy5IYA9AeAI1htZDq0C
104,"ปลายทางที่ว่างเปล่า - เพลงประกอบ Club Friday Celeb's Stories","Aof Pongsak",8392,https://open.spotify.com/track/34EtCXSXdm8iR2psCUGpwU
105,"빨간 맛 Red Flavor","Red Velvet",8207,https://open.spotify.com/track/7nKQ5WAcjnG48knyLuo8gO
106,"전야 前夜 The Eve",EXO,8179,https://open.spotify.com/track/2ujA6F1cpk3m8lsPE5aKua
107,ฝืนตัวเองไม่เป็น,"Non Tanon",8174,https://open.spotify.com/track/0FlZM6SFefxfXzX68IpVxb
108,"Love Yourself","Justin Bieber",8152,https://open.spotify.com/track/3hB5DgAiMAQ4DzYbsMq1IT
109,ครั้งหนึ่งไม่ถึงตาย,KLEAR,8105,https://open.spotify.com/track/1H0gOyCNo1NKWFmM8VMIeN
110,"The Cure","Lady Gaga",8018,https://open.spotify.com/track/51PIvodunv6NmX5250zxAh
111,ยังคิดถึง...(Same),"Marc Tatchapon",7986,https://open.spotify.com/track/1OlInnJssr9pXY0Ooa0SDT
112,"Versace On The Floor","Bruno Mars",7919,https://open.spotify.com/track/0kN8xEmgMW9mh7UmDYHlJP
113,"Feel It Still","Portugal. The Man",7803,https://open.spotify.com/track/6QgjcU0zLnzq5OrUoSZ3OK
114,"Lay Me Down","Sam Smith",7770,https://open.spotify.com/track/64GRDrL1efgXclrhVCeuA0
115,"I Don’t Wanna Live Forever (Fifty Shades Darker) - From ""Fifty Shades Darker (Original Motion Picture Soundtrack)""",ZAYN,7770,https://open.spotify.com/track/3NdDpSvN911VPGivFlV5d0
116,"PLAYING WITH FIRE - KR Ver.",BLACKPINK,7738,https://open.spotify.com/track/5OepnJhqZoyJN8qWo2LZzy
117,Perfect,"Ed Sheeran",7689,https://open.spotify.com/track/0tgVpDi06FyKpA1z0VMD4v
118,OMG,"Camila Cabello",7630,https://open.spotify.com/track/4xBjsLUSjcx2h7PcRikpQp
119,"WHISTLE - KR Ver.",BLACKPINK,7624,https://open.spotify.com/track/67BbMuItfrHmaNqDxBPF7c
120,"Complicated (feat. Kiiara)","Dimitri Vegas & Like Mike",7603,https://open.spotify.com/track/1Sl3njkhhz8nrSPZroDQ82
121,"Would You Ever",Skrillex,7514,https://open.spotify.com/track/57p8CBvPOxrvyCbn6ttl5r
122,"Can I Be Him","James Arthur",7470,https://open.spotify.com/track/0VhgEqMTNZwYL1ARDLLNCX
123,"Don't Wanna Cry",SEVENTEEN,7445,https://open.spotify.com/track/6Upu6yjkdi0DVI8E3IBZEU
124,"Clean Food (feat. ฟักกลิ้ง ฮีโร่)","Boom Boom Cash",7435,https://open.spotify.com/track/4s4zrY6U42qAbFVcSDpRm5
125,"Not Today",BTS,7347,https://open.spotify.com/track/4hrpoqJMVE7FxBu1YWx0eQ
126,"Stay With Me",CHANYEOL,7342,https://open.spotify.com/track/1HYzRuWjmS9LXCkdVHi25K
127,โอ้เธอ,"Songkarn Rangsant",7307,https://open.spotify.com/track/31NK9ucTVypJ7txSyNq52G
128,"Side To Side","Ariana Grande",7305,https://open.spotify.com/track/4pLwZjInHj3SimIyN9SnOz
129,"Stay (with Alessia Cara)",Zedd,7232,https://open.spotify.com/track/0dA2Mk56wEzDgegdC6R17g
130,"Say You Won't Let Go","James Arthur",7113,https://open.spotify.com/track/5uCax9HTNlzGybIStD3vDh
131,"The Way I Are (Dance With Somebody) [feat. Lil Wayne]","Bebe Rexha",7111,https://open.spotify.com/track/6Pw3Gvw4wNMZfTYZa6IQal
132,"Thinking Out Loud","Ed Sheeran",7101,https://open.spotify.com/track/1Slwb6dOYkBlWal1PGtnNg
133,"Don't Let Me Down","The Chainsmokers",7088,https://open.spotify.com/track/0QsvXIfqM0zZoerQfsI9lm
134,"Love So Soft","Kelly Clarkson",6963,https://open.spotify.com/track/0o7glLPfZgns8ZF14Wlpf7
135,"All My Love (feat. Conor Maynard)","Cash Cash",6892,https://open.spotify.com/track/1839RWzPRZCVgvamu4sHSN
136,"Stay Young","Mike Perry",6888,https://open.spotify.com/track/2kLf4myxQME1Nd0voeKZri
137,"We Don't Talk Anymore (feat. Selena Gomez)","Charlie Puth",6853,https://open.spotify.com/track/68EMU2RD1ECNeOeJ5qAXCV
138,"ปากแข็ง (Just in my mind) - เพลงประกอบซีรีส์ Slam Dance ทุ่มฝันสนั่นฟลอร์",Mild,6837,https://open.spotify.com/track/3ALshyY9fzcWICITSHC3km
139,เจ็บละเนาะ,เพชร-แตน,6823,https://open.spotify.com/track/5KchTsXkMzTri0BCXDDcnN
140,เจ็บจนไม่เข้าใจ,PORTRAIT,6774,https://open.spotify.com/track/4URCEQmgwuwaHiySIqGmIa
141,Sober,"Cheat Codes",6750,https://open.spotify.com/track/4LSkEJ5P5MV0y3PZqw7guJ
142,"Shake It Off","Taylor Swift",6739,https://open.spotify.com/track/0cqRj7pUJDkTCEsJkx8snD
143,"Me Rehúso","Danny Ocean",6690,https://open.spotify.com/track/6De0lHrwBfPfrhorm9q1Xl
144,"I Feel It Coming","The Weeknd",6673,https://open.spotify.com/track/5GXAXm5YOmYT0kL5jHvYBt
145,"Where Is The Love?","The Black Eyed Peas",6645,https://open.spotify.com/track/0uqPG793dkDDN7sCUJJIVC
146,"I'M THE ONE","MXM (BRANDNEWBOYS)",6631,https://open.spotify.com/track/4N1o0l5n8NFq2gQeWSHHcs
147,"Treat You Better","Shawn Mendes",6611,https://open.spotify.com/track/4Hf7WnR761jpxPr5D46Bcd
148,Starboy,"The Weeknd",6542,https://open.spotify.com/track/5aAx2yezTd8zXrkmtKl66Z
149,"จีบ...(May I)","Namm Ronnadet",6529,https://open.spotify.com/track/3F5jmTgXeY1zS2ATt4cR7L
150,Style,"Taylor Swift",6476,https://open.spotify.com/track/0ug5NqcwcFR2xrfTkc7k8e
151,Wait,"Martin Jensen",6457,https://open.spotify.com/track/5XiZK7m9PLppgIzJBpw2x5
152,打上花火,DAOKO×米津玄師,6421,https://open.spotify.com/track/7pcTLUekZJQnzDOUDuExVJ
153,"ทางของฝุ่น (Dust)","Atom Chanakan",6352,https://open.spotify.com/track/3XfygeAG5SFzEVaQJEKY49
154,"BOOMBAYAH - KR Ver.",BLACKPINK,6306,https://open.spotify.com/track/1qAPA8TooLVEqAZ58fhcrt
155,"I Believe I'm Fine","Robin Schulz",6277,https://open.spotify.com/track/7Lgpic8BsBJR4jFrr9abbz
156,Questions,"Chris Brown",6270,https://open.spotify.com/track/5XQMr19TL7Mfksq9zihbOu
157,"Where The Love Goes",Anjulie,6254,https://open.spotify.com/track/0Xa7b1Kw7I08dD2k7zZKtV
158,"Wildest Dreams","Taylor Swift",6224,https://open.spotify.com/track/3fVnlF4pGqWI9flVENcT28
159,"(Not) The One","Bebe Rexha",6176,https://open.spotify.com/track/22BH6K8RlpwNzIINvWS4Jj
160,Roses,"The Chainsmokers",6151,https://open.spotify.com/track/6O6M7pJLABmfBRoGZMu76Y
161,"do re mi (feat. Gucci Mane)",Blackbear,6141,https://open.spotify.com/track/53mrVsi49rLHIaKBiSvElG
162,TURNT,Thaitanium,6107,https://open.spotify.com/track/4054xwBz6ZYo1y2Ab6Yqx1
163,Location,Khalid,6083,https://open.spotify.com/track/152lZdxL1OR0ZMW6KquMif
164,"러시안 룰렛 Russian Roulette","Red Velvet",6073,https://open.spotify.com/track/7AvXrOVEVRcfXxme2wo6Im
165,เธอคือของขวัญ,"Singto Numchok",6060,https://open.spotify.com/track/46Sl1ZdGrMdbdKQ63loc6h
166,"Felices los 4",Maluma,5998,https://open.spotify.com/track/0qYTZCo5Bwh1nsUFGZP3zn
167,"Slide (feat. Frank Ocean & Migos)","Calvin Harris",5992,https://open.spotify.com/track/7tr2za8SQg2CI8EDgrdtNl
168,"The Scientist",Coldplay,5960,https://open.spotify.com/track/75JFxkI2RXiU7L9VXzMkle
169,Bonita,"J Balvin",5945,https://open.spotify.com/track/693iqPOQvhI7PobtR8CC8v
170,"BANG BANG BANG - KR Ver.",BIGBANG,5944,https://open.spotify.com/track/6iu311jZAJFLPgoIWgrA72
171,Unpredictable,"Olly Murs",5932,https://open.spotify.com/track/5Gz1PxujU62sfecQpB0Stm
172,"ฉันเข้าใจ (feat. Room 39 & Two Popetorn)","Boyd Kosiyabong",5916,https://open.spotify.com/track/6vN56p7fD0VUbPkU5nsDuH
173,Sugar,"Maroon 5",5910,https://open.spotify.com/track/494OU6M7NOf4ICYb4zWCf5
174,"Get Low (with Liam Payne)",Zedd,5894,https://open.spotify.com/track/1CKd1PnqfYx0H12V9MSaIY
175,ทดลองใช้,"Pun Basher",5890,https://open.spotify.com/track/0OCOoJ0TVcCLRCBFycKgnF
176,ลืมไปก่อน,"Buddha Bless",5886,https://open.spotify.com/track/6Rpj87GuuE59nij1NVmpzD
177,"Love Galore (feat. Travis Scott)",SZA,5880,https://open.spotify.com/track/0q75NwOoFiARAVp4EXU4Bs
178,"One Last Time","Ariana Grande",5875,https://open.spotify.com/track/7bJwvubZZaoGE1AGEfu8Fi
179,Monster,EXO,5838,https://open.spotify.com/track/6lM6yIDZ7kxFsgQCCfaLE2
180,"Reggaetón Lento (Remix)",CNCO,5824,https://open.spotify.com/track/3zoYkqS4y2BsGVShPL2nTE
181,"Lost Stars","Adam Levine",5791,https://open.spotify.com/track/1ejtHfSXQwvaAU7F82FXww
182,"24K Magic","Bruno Mars",5751,https://open.spotify.com/track/6b8Be6ljOzmkOmFslEb23P
183,อย่าให้ฉันคิด,"Room 39",5714,https://open.spotify.com/track/03p70BWvxnhNIMwL70nBEP
184,"เอะใจ - เพลงประกอบละคร เธอคือพรหมลิขิต","Sukrit Wisetkaew",5664,https://open.spotify.com/track/1YIot8Gj59TQSIJgWmPfgP
185,อ้าว,"Atom Chanakan",5653,https://open.spotify.com/track/6gvnmsiH3CI9TLGPoXx7kE
186,"Cherry Bomb","NCT 127",5636,https://open.spotify.com/track/3o8QzWsiiqTUVgBZfHgF58
187,อยากฟัง,"Violette Wautier",5613,https://open.spotify.com/track/7pQEnyiyYsrw9YGMGLv4dU
188,"Middle Of The Night","The Vamps",5582,https://open.spotify.com/track/7yCm5uEZcQ6uzt9E5Py6IR
189,Demons,"Imagine Dragons",5537,https://open.spotify.com/track/2Oehrcv4Kov0SuIgWyQY9e
190,"REALLY REALLY",WINNER,5529,https://open.spotify.com/track/02UNF1uo5f0UNgc1qx5XGt
191,คนมีเสน่ห์,"Pang Nakarin",5526,https://open.spotify.com/track/0K1IFlNBUIbjazOC26dq9Q
192,แพ้ทาง,Labanoon,5522,https://open.spotify.com/track/1l9pbc3jtAMjqnFwXoOrOI
193,"I Knew You Were Trouble.","Taylor Swift",5520,https://open.spotify.com/track/72jCZdH0Lhg93z6Z4hBjgj
194,NEVER,"Sons of People",5476,https://open.spotify.com/track/095rDYLjAHYmis3vU8gRxo
195,"Una Lady Como Tú","Manuel Turizo",5454,https://open.spotify.com/track/7MHN1aCFtLXjownGhvEQlF
196,ความจริง,"Room 39",5453,https://open.spotify.com/track/03JGgPqVY9lYDqFSV6BXMN
197,คนที่คุณก็รู้ว่าใคร,Stamp,5451,https://open.spotify.com/track/3usWyH1du9AWTTxUIMOh79
198,"รู้ยัง - Acoustic Live Session","Ton Thanasit",5399,https://open.spotify.com/track/6ZKJbL6CkzpDDYeY2SPjeQ
199,"แพ้แล้วพาล - เพลงประกอบ Club Friday The Series To Be Continued ตอน รักลองใจ",Ploychompoo,5358,https://open.spotify.com/track/3fM2nCi0ncKoTUYeiHkPQ2
200,อย่าคิดมาก,"The Others",5299,https://open.spotify.com/track/3zskFunjono7DIKxEjkxZU
1,DNA,BTS,83991,https://open.spotify.com/track/5SE57ljOIUJ1ybL9U6CuBH
2,"Too Good At Goodbyes - Edit","Sam Smith",69457,https://open.spotify.com/track/0mel2N9Ws9r4yLQn5QE21Y
3,"Look What You Made Me Do","Taylor Swift",68456,https://open.spotify.com/track/6uFsE1JgZ20EXyU0JQZbUR
4,"What Lovers Do (feat. SZA)","Maroon 5",49970,https://open.spotify.com/track/4mxWSdf71VFO52qFeY0fZt
5,"Dusk Till Dawn - Radio Edit",ZAYN,49794,https://open.spotify.com/track/1j4kHkkpqZRBwE0A4CN4Yv
6,"Best Of Me",BTS,48750,https://open.spotify.com/track/2tdq0CeAGSfhI2l4Gwkvgx
7,"New Rules","Dua Lipa",46884,https://open.spotify.com/track/2ekn2ttSfGqwhhate0LSR0
8,dimple,BTS,44619,https://open.spotify.com/track/3ryjLm3oupIjJFGc39naNi
9,"Pied Piper",BTS,44293,https://open.spotify.com/track/0ffweDHrg4bZqdG4IfGYuo
10,"Back to You (feat. Bebe Rexha & Digital Farm Animals)","Louis Tomlinson",42324,https://open.spotify.com/track/7F9vK8hNFMml4GtHsaXui6
11,"Intro: Serendipity",BTS,41878,https://open.spotify.com/track/7iV733e1KacKrFRaBNxVEf
12,"...Ready For It?","Taylor Swift",39887,https://open.spotify.com/track/19WjVVgXjdKXfLXoaDPwTM
13,รักตัวเอง,"Room 39",39737,https://open.spotify.com/track/46Uqy57KyAT7xBz6BIqdB3
14,"Friends (with BloodPop®)","Justin Bieber",38998,https://open.spotify.com/track/7nZmah2llfvLDiUjm0kiyz
15,"MIC Drop",BTS,38859,https://open.spotify.com/track/2SYa5Lx1uoCvyDIW4oee9b
16,Havana,"Camila Cabello",38582,https://open.spotify.com/track/0ofbQMrRDsUaVKq2mGLEAb
17,"Feels (feat. Pharrell Williams, Katy Perry & Big Sean)","Calvin Harris",37533,https://open.spotify.com/track/5bcTCxgc7xVfSaMV3RuVke
18,"Sorry Not Sorry","Demi Lovato",37118,https://open.spotify.com/track/25C5CowdsfXld2jJanbiex
19,"Shape of You","Ed Sheeran",36867,https://open.spotify.com/track/7qiZfU4dY1lWllzX7mPBI3
20,"Strip That Down","Liam Payne",36619,https://open.spotify.com/track/6EpRaXYhGOB3fj4V2uDkMJ
21,Attention,"Charlie Puth",35866,https://open.spotify.com/track/4iLqG9SeJSnt0cSPICSjxv
22,1-800-273-8255,Logic,35680,https://open.spotify.com/track/5tz69p7tJuGPeMGwNTxYuV
23,รังเกียจกันไหม?,UrboyTJ,35603,https://open.spotify.com/track/3uVe6WBnQlTdT6zWs6uPX9
24,"Go Go",BTS,35515,https://open.spotify.com/track/5nq1uTNIR1cBR72T87viS0
25,Thunder,"Imagine Dragons",33717,https://open.spotify.com/track/0tKcYR2II1VCQWT79i5NrW
26,Silence,Marshmello,32446,https://open.spotify.com/track/7vGuf3Y35N4wmASOKLUVVU
27,"2U (feat. Justin Bieber)","David Guetta",31960,https://open.spotify.com/track/3A7qX2QjDlPnazUsRk5y0M
28,"Outro: Her",BTS,31889,https://open.spotify.com/track/3l8yQMdniG6Os8gUBNXV57
29,"Despacito - Remix","Luis Fonsi",31288,https://open.spotify.com/track/5CtI0qwDJkDQGwXD1H1cLb
30,"Young Dumb & Broke",Khalid,30205,https://open.spotify.com/track/5Z3GHaZ6ec9bsiI5BenrbY
31,Mama,"Jonas Blue",29887,https://open.spotify.com/track/0NiXXAI876aGImAd6rTj8w
32,"I'm the One (feat. Justin Bieber, Quavo, Chance the Rapper & Lil Wayne)","DJ Khaled",29165,https://open.spotify.com/track/3DXncPQOG4VBw3QHh3S817
33,"Lonely Together (feat. Rita Ora)",Avicii,28924,https://open.spotify.com/track/2OALaHcDdKkjYEpAr0Qzab
34,"Something Just Like This","The Chainsmokers",28703,https://open.spotify.com/track/6RUKPb4LETWmmr3iAEQktW
35,มีแฟนแล้ว,"Oat Pramote",28649,https://open.spotify.com/track/6IDsfMh7YJlE3R2mB1DYXH
36,"จังหวะจะรัก - From “Heartbeat” Original Soundtrack","Violette Wautier",27990,https://open.spotify.com/track/1ux0god9zERqovPLrzRdBT
37,"There for You","Martin Garrix",27968,https://open.spotify.com/track/6jA8HL9i4QGzsj6fjoxp8Y
38,"Super Far",LANY,27473,https://open.spotify.com/track/74ODGXs4byLTRdnKGM4s6E
39,"Too Much To Ask","Niall Horan",26853,https://open.spotify.com/track/3hRZsdTF5uyGA2uhNqEuhm
40,"I Like Me Better",Lauv,25785,https://open.spotify.com/track/1wjzFQodRWrPcQ0AnYnvQ9
41,ก่อนฤดูฝน,"The Toys",25679,https://open.spotify.com/track/1oyYuiIundjUzgi0oyBNyB
42,"Without You (feat. Sandro Cavazza)",Avicii,24596,https://open.spotify.com/track/6WbADFqMvR8N5u0BvtsWQE
43,"Your Song","Rita Ora",24187,https://open.spotify.com/track/4c2W3VKsOFoIg2SFaO6DY5
44,"Skit: Billboard Music Awards Speech",BTS,23186,https://open.spotify.com/track/7KXEhfjwdxHVra8VcT2QHH
45,"Mi Gente","J Balvin",23105,https://open.spotify.com/track/2rb5MvYT7ZIxbKW5hfcHx8
46,"There's Nothing Holdin' Me Back","Shawn Mendes",23081,https://open.spotify.com/track/79cuOz3SPQTuFrp8WgftAu
47,"หัวใจทศกัณฐ์(Devil's Heart)","Keng Tachaya",22011,https://open.spotify.com/track/13OiQUzHROJBNGRxcs7nSu
48,"Let Me Go (with Alesso, Florida Georgia Line & watt)","Hailee Steinfeld",21896,https://open.spotify.com/track/5AEtlRudpgdT5FtNiuly6Y
49,ช่วงนี้(Karma),"Atom Chanakan",20992,https://open.spotify.com/track/3LbX6aIcOxB1p0pOpYPLVu
50,คนละชั้น,Jaonaay,20669,https://open.spotify.com/track/6m5sX3sT8egiC6hqQuU382
51,rockstar,"Post Malone",20132,https://open.spotify.com/track/1OmcAT5Y8eg5bUPv9qJT4R
52,"Slow Hands","Niall Horan",19980,https://open.spotify.com/track/167NczpNbRF7oWakJaY3Hh
53,"Wild Thoughts (feat. Rihanna & Bryson Tiller)","DJ Khaled",19274,https://open.spotify.com/track/1OAh8uOEOvTDqkKFsKksCi
54,"Homemade Dynamite (Feat. Khalid, Post Malone & SZA) - REMIX",Lorde,18942,https://open.spotify.com/track/7rdUtXasA973gmrr2Xxh3E
55,"Ko Ko Bop",EXO,18605,https://open.spotify.com/track/5EzitieoPnjyKHAq0gfRMa
56,เผด็จเกิร์ล,"Tattoo Colour",18549,https://open.spotify.com/track/6dnXdI7OhOJYvVjlT6pR03
57,"What About Us",P!nk,18380,https://open.spotify.com/track/31MkGwj0SWgZaTvEt5Hgxv
58,Unforgettable,"French Montana",18378,https://open.spotify.com/track/3B54sVLJ402zGa6Xm4YGNe
59,บทสุดท้าย,"BANKK CA$H",18327,https://open.spotify.com/track/0xpkfml0e404bgSA0C9U2T
60,"Galway Girl","Ed Sheeran",18072,https://open.spotify.com/track/0afhq8XCExXpqazXczTSve
61,"More Than You Know","Axwell /\ Ingrosso",17601,https://open.spotify.com/track/3PEgB3fkiojxms35ntsTgs
62,"Rich Love (with Seeb)",OneRepublic,17235,https://open.spotify.com/track/7aF09WaavZAmAWuUeYxlYD
63,Closer,"The Chainsmokers",17091,https://open.spotify.com/track/7BKLCZ1jbUBVqRi2FVlTVw
64,Rain,"The Script",16172,https://open.spotify.com/track/2QWP8NYYplOqEFBYGCcq0S
65,"Glorious (feat. Skylar Grey)",Macklemore,15490,https://open.spotify.com/track/3HVr6jTVwBHBa2flM0eURR
66,ทุกคนเคยร้องไห้,"Pang Nakarin",15305,https://open.spotify.com/track/35xujz4rBKjBkVLx2AoD6Y
67,Tired,"Alan Walker",15265,https://open.spotify.com/track/3b5Li4QKDVBx1x7fQuu54a
68,Gashina,SUNMI,15257,https://open.spotify.com/track/0jFHMDRXxKaREor3hBEEST
69,เฉยเมย,YOUNGOHM,15230,https://open.spotify.com/track/6XPCoGblXqyvcyp31vzRyL
70,หน้าหนาวที่แล้ว,"The Toys",15128,https://open.spotify.com/track/5mVeBv0bUZPJU7kPZcm594
71,"As If It's Your Last",BLACKPINK,14685,https://open.spotify.com/track/1Zyd6zQnC6XIIzmg3hP7Ot
72,"Blood Sweat & Tears",BTS,14259,https://open.spotify.com/track/5RGf8qn1TBWVplLyyKUsuV
73,มือลั่น,"Jazz Spooknickpapiyongkookkook",14139,https://open.spotify.com/track/6elsRmdqv0DGmmppxnqm4q
74,Believer,"Imagine Dragons",13968,https://open.spotify.com/track/0CcQNd8CINkwQfe1RDtGV6
75,"Stay With You","Cheat Codes",13490,https://open.spotify.com/track/7q8jJ1XZEliBakZSUMFde5
76,"That's What I Like","Bruno Mars",13483,https://open.spotify.com/track/0KKkJNfGyhkQ5aFogxQAPU
77,Energetic,"Wanna One",13415,https://open.spotify.com/track/3CEs5Jnov3YkmYn0Vezrcr
78,"Bad Luck",Lipta,13341,https://open.spotify.com/track/6KtTbMttJ8ZtMG6VMds2B2
79,"Spring Day",BTS,13304,https://open.spotify.com/track/0WNGsQ1oAuHzNTk8jivBKW
80,ฝืนตัวเองไม่เป็น,"Non Tanon",13236,https://open.spotify.com/track/0FlZM6SFefxfXzX68IpVxb
81,เป็นทุกอย่าง,"Room 39",13070,https://open.spotify.com/track/54BVTgTpCjK8cRhTFDjHNK
82,"Symphony (feat. Zara Larsson)","Clean Bandit",13052,https://open.spotify.com/track/1x5sYLZiu9r5E43kMlt9f8
83,"Find You","Nick Jonas",12877,https://open.spotify.com/track/6Ll3qUTssdGWMxbwhMud2N
84,"Pretty Girl - Cheat Codes X CADE Remix","Maggie Lindemann",12876,https://open.spotify.com/track/1NDxZ7cFAo481dtYWdrUnR
85,Why,"Sabrina Carpenter",12848,https://open.spotify.com/track/2jYmK1cb3Uya6FFsocdpzO
86,"โทษที่เอาแต่ใจ (sorry)","Peck Palitchoke",12592,https://open.spotify.com/track/4MSnsmZbrh25VE8IJcZufb
87,"Bodak Yellow","Cardi B",12524,https://open.spotify.com/track/2771LMNxwf62FTAdpJMQfM
88,"Jocelyn Flores",XXXTENTACION,12438,https://open.spotify.com/track/7m9OqQk4RVRkw9JJdeAw96
89,"Staying Up",Matoma,12414,https://open.spotify.com/track/3uB6rxXYjmMEhOVJT763S6
90,"Let's Go",Lipta,12393,https://open.spotify.com/track/3AenWjAY3QOYyInNTBOuNX
91,ครั้งหนึ่งไม่ถึงตาย,KLEAR,12377,https://open.spotify.com/track/1H0gOyCNo1NKWFmM8VMIeN
92,"XO TOUR Llif3","Lil Uzi Vert",12017,https://open.spotify.com/track/7GX5flRQZVHRAGd6B4TmDO
93,อย่าเพิ่งใจร้าย,"The Mousses",11873,https://open.spotify.com/track/5S2aCEv3wt0bukp7nmhw52
94,"No Promises (feat. Demi Lovato)","Cheat Codes",11760,https://open.spotify.com/track/1louJpMmzEicAn7lzDalPW
95,Paris,"The Chainsmokers",11499,https://open.spotify.com/track/72jbDTw1piOOj770jWNeaG
96,HUMBLE.,"Kendrick Lamar",11425,https://open.spotify.com/track/7KXjTSCq5nL1LoYtL7XAwS
97,Photograph,"Ed Sheeran",11163,https://open.spotify.com/track/6fxVffaTuwjgEk5h9QyRjy
98,เรื่องที่ขอ,Lula,11091,https://open.spotify.com/track/6ZDl7YLiNjey9VOdEM3pok
99,เพียง,"Chart Suchart",10950,https://open.spotify.com/track/5uv1Q92Nv4l7nsuTvnwT9L
100,"Bank Account","21 Savage",10939,https://open.spotify.com/track/5eqK0tbzUPo2SoeZsov04s
101,"Feel It Still","Portugal. The Man",10763,https://open.spotify.com/track/6QgjcU0zLnzq5OrUoSZ3OK
102,Congratulations,"Post Malone",10763,https://open.spotify.com/track/3a1lNhkSLSkpJE4MSHpDu9
103,Boys,"Charli XCX",10507,https://open.spotify.com/track/5o4yGlG0PfeVUa6ClIyOxq
104,"Complicated (feat. Kiiara)","Dimitri Vegas & Like Mike",10447,https://open.spotify.com/track/1Sl3njkhhz8nrSPZroDQ82
105,นวด,Palmy,10323,https://open.spotify.com/track/3ElQaABWL55eqagqUocEYW
106,"Burn It Up","Wanna One",10259,https://open.spotify.com/track/0WJVy5IYA9AeAI1htZDq0C
107,เธอทำให้ได้รู้,Potato,10229,https://open.spotify.com/track/3YrKiQmCq64ZYeex4ifd17
108,"The Cure","Lady Gaga",10166,https://open.spotify.com/track/51PIvodunv6NmX5250zxAh
109,"Can I Be Him","James Arthur",9709,https://open.spotify.com/track/0VhgEqMTNZwYL1ARDLLNCX
110,"Not Today",BTS,9699,https://open.spotify.com/track/4hrpoqJMVE7FxBu1YWx0eQ
111,รอยยิ้มของวันพรุ่งนี้,"TOR+ Saksit",9640,https://open.spotify.com/track/6xfSWlLiaHknC9wYNI2M0a
112,"ปากแข็ง (Just in my mind) - เพลงประกอบซีรีส์ Slam Dance ทุ่มฝันสนั่นฟลอร์",Mild,9436,https://open.spotify.com/track/3ALshyY9fzcWICITSHC3km
113,"The Way I Are (Dance With Somebody) [feat. Lil Wayne]","Bebe Rexha",9424,https://open.spotify.com/track/6Pw3Gvw4wNMZfTYZa6IQal
114,"All My Love (feat. Conor Maynard)","Cash Cash",9306,https://open.spotify.com/track/1839RWzPRZCVgvamu4sHSN
115,Restart,"Room 39",9258,https://open.spotify.com/track/1pjVBWRTyPG3WXlxTNYT3U
116,"If I'm Lucky","Jason Derulo",9085,https://open.spotify.com/track/6eUncuJutsFi9BGO1JaBHh
117,ทดลองใช้,"Pun Basher",9062,https://open.spotify.com/track/0OCOoJ0TVcCLRCBFycKgnF
118,Sober,"Cheat Codes",8918,https://open.spotify.com/track/4LSkEJ5P5MV0y3PZqw7guJ
119,"Versace On The Floor","Bruno Mars",8770,https://open.spotify.com/track/0kN8xEmgMW9mh7UmDYHlJP
120,พัง..(ลำพัง),Getsunova,8765,https://open.spotify.com/track/0hTyySmaM27kaBNofAYOdr
121,Power,EXO,8682,https://open.spotify.com/track/53YZi9zgTnF0Py0K6ejyWz
122,Heartline,"Craig David",8661,https://open.spotify.com/track/4ioNqWWd8Ivz4bLfrn3bBN
123,"빨간 맛 Red Flavor","Red Velvet",8640,https://open.spotify.com/track/7nKQ5WAcjnG48knyLuo8gO
124,"ปลายทางที่ว่างเปล่า - เพลงประกอบ Club Friday Celeb's Stories","Aof Pongsak",8637,https://open.spotify.com/track/34EtCXSXdm8iR2psCUGpwU
125,Perfect,"Ed Sheeran",8633,https://open.spotify.com/track/0tgVpDi06FyKpA1z0VMD4v
126,"Meant to Be (feat. Florida Georgia Line)","Bebe Rexha",8605,https://open.spotify.com/track/7iDa6hUg2VgEL1o1HjmfBn
127,"Love Yourself","Justin Bieber",8602,https://open.spotify.com/track/3hB5DgAiMAQ4DzYbsMq1IT
128,"Swalla (feat. Nicki Minaj & Ty Dolla $ign)","Jason Derulo",8504,https://open.spotify.com/track/6kex4EBAj0WHXDKZMEJaaF
129,"I Just Can't",R3HAB,8459,https://open.spotify.com/track/3gfmFoJgmn9LiIj5mV8oSS
130,Wait,"Martin Jensen",8455,https://open.spotify.com/track/3V9DfRoS7JfSkuTyNEsCxQ
131,"Where The Love Goes",Anjulie,8306,https://open.spotify.com/track/0Xa7b1Kw7I08dD2k7zZKtV
132,"Don't Let Me Down","The Chainsmokers",8133,https://open.spotify.com/track/0QsvXIfqM0zZoerQfsI9lm
133,"WHISTLE - KR Ver.",BLACKPINK,8080,https://open.spotify.com/track/67BbMuItfrHmaNqDxBPF7c
134,"Don't Wanna Cry",SEVENTEEN,8061,https://open.spotify.com/track/6Upu6yjkdi0DVI8E3IBZEU
135,"PLAYING WITH FIRE - KR Ver.",BLACKPINK,8040,https://open.spotify.com/track/5OepnJhqZoyJN8qWo2LZzy
136,"Stay Young","Mike Perry",8023,https://open.spotify.com/track/2kLf4myxQME1Nd0voeKZri
137,"전야 前夜 The Eve",EXO,8021,https://open.spotify.com/track/2ujA6F1cpk3m8lsPE5aKua
138,"I Need U",BTS,7919,https://open.spotify.com/track/3RlcLpMmRvSd84Uw6Yt4Iw
139,Roses,"The Chainsmokers",7910,https://open.spotify.com/track/6O6M7pJLABmfBRoGZMu76Y
140,Dope,BTS,7860,https://open.spotify.com/track/6dr6QeqH62tYUiPezRbinq
141,"Blank Space","Taylor Swift",7806,https://open.spotify.com/track/1u8c2t2Cy7UBoG4ArRcF5g
142,"Stay (with Alessia Cara)",Zedd,7740,https://open.spotify.com/track/0dA2Mk56wEzDgegdC6R17g
143,"Say You Won't Let Go","James Arthur",7708,https://open.spotify.com/track/5uCax9HTNlzGybIStD3vDh
144,"Despacito (Featuring Daddy Yankee)","Luis Fonsi",7607,https://open.spotify.com/track/4aWmUDTfIPGksMNLV2rQP2
145,"Thinking Out Loud","Ed Sheeran",7405,https://open.spotify.com/track/1Slwb6dOYkBlWal1PGtnNg
146,"Side To Side","Ariana Grande",7393,https://open.spotify.com/track/4pLwZjInHj3SimIyN9SnOz
147,"I Don’t Wanna Live Forever (Fifty Shades Darker) - From ""Fifty Shades Darker (Original Motion Picture Soundtrack)""",ZAYN,7165,https://open.spotify.com/track/3NdDpSvN911VPGivFlV5d0
148,โอ้เธอ,"Songkarn Rangsant",7134,https://open.spotify.com/track/31NK9ucTVypJ7txSyNq52G
149,ยังคิดถึง...(Same),"Marc Tatchapon",7019,https://open.spotify.com/track/1OlInnJssr9pXY0Ooa0SDT
150,ก็แค่ไม่มีฉัน,"Violette Wautier",6899,https://open.spotify.com/track/43jODHDCovQ6CRYgYMhzrM
151,"I Feel It Coming","The Weeknd",6889,https://open.spotify.com/track/5GXAXm5YOmYT0kL5jHvYBt
152,"BOOMBAYAH - KR Ver.",BLACKPINK,6864,https://open.spotify.com/track/1qAPA8TooLVEqAZ58fhcrt
153,"Save Me",BTS,6855,https://open.spotify.com/track/54s6sdPuMjVtdB5d5KFzTC
154,"We Don't Talk Anymore (feat. Selena Gomez)","Charlie Puth",6848,https://open.spotify.com/track/68EMU2RD1ECNeOeJ5qAXCV
155,"Stay With Me",CHANYEOL,6825,https://open.spotify.com/track/1HYzRuWjmS9LXCkdVHi25K
156,"Where Is The Love?","The Black Eyed Peas",6821,https://open.spotify.com/track/0uqPG793dkDDN7sCUJJIVC
157,"24K Magic","Bruno Mars",6811,https://open.spotify.com/track/6b8Be6ljOzmkOmFslEb23P
158,"Treat You Better","Shawn Mendes",6787,https://open.spotify.com/track/4Hf7WnR761jpxPr5D46Bcd
159,เจ็บจนไม่เข้าใจ,PORTRAIT,6777,https://open.spotify.com/track/4URCEQmgwuwaHiySIqGmIa
160,"Counting Stars",OneRepublic,6746,https://open.spotify.com/track/5edBgVtRD0fvWk140Sl21T
161,อย่าให้ฉันคิด,"Room 39",6657,https://open.spotify.com/track/03p70BWvxnhNIMwL70nBEP
162,Apologize,OneRepublic,6647,https://open.spotify.com/track/6fOPuabPdAJ0HgqJFcDGb1
163,Starboy,"The Weeknd",6578,https://open.spotify.com/track/5aAx2yezTd8zXrkmtKl66Z
164,"Would You Ever",Skrillex,6570,https://open.spotify.com/track/57p8CBvPOxrvyCbn6ttl5r
165,"จีบ...(May I)","Namm Ronnadet",6519,https://open.spotify.com/track/3F5jmTgXeY1zS2ATt4cR7L
166,"Me Rehúso","Danny Ocean",6517,https://open.spotify.com/track/6De0lHrwBfPfrhorm9q1Xl
167,Unpredictable,"Olly Murs",6490,https://open.spotify.com/track/5Gz1PxujU62sfecQpB0Stm
168,"All We Know","The Chainsmokers",6477,https://open.spotify.com/track/2rizacJSyD9S1IQUxUxnsK
169,ลืมไปก่อน,"Buddha Bless",6470,https://open.spotify.com/track/6Rpj87GuuE59nij1NVmpzD
170,"Burning Up (Fire)",BTS,6303,https://open.spotify.com/track/4z9gBZQjGS4QLb4LOvmeuA
171,"Clean Food (feat. ฟักกลิ้ง ฮีโร่)","Boom Boom Cash",6271,https://open.spotify.com/track/4s4zrY6U42qAbFVcSDpRm5
172,อ้าว,"Atom Chanakan",6271,https://open.spotify.com/track/6gvnmsiH3CI9TLGPoXx7kE
173,Location,Khalid,6235,https://open.spotify.com/track/152lZdxL1OR0ZMW6KquMif
174,"I'm Not The Only One","Sam Smith",6225,https://open.spotify.com/track/0fioLzGM8ngbD1w6fMmm45
175,คนที่คุณก็รู้ว่าใคร,Stamp,6193,https://open.spotify.com/track/3usWyH1du9AWTTxUIMOh79
176,ความจริง,"Room 39",6156,https://open.spotify.com/track/03JGgPqVY9lYDqFSV6BXMN
177,"Slide (feat. Frank Ocean & Migos)","Calvin Harris",6104,https://open.spotify.com/track/7tr2za8SQg2CI8EDgrdtNl
178,ยินดีที่ได้รัก,S.D.F,6067,https://open.spotify.com/track/5CclbtfH4QbBDF3lT4D8Ue
179,"러시안 룰렛 Russian Roulette","Red Velvet",6037,https://open.spotify.com/track/7AvXrOVEVRcfXxme2wo6Im
180,Monster,EXO,6035,https://open.spotify.com/track/6lM6yIDZ7kxFsgQCCfaLE2
181,OMG,"Camila Cabello",6030,https://open.spotify.com/track/4xBjsLUSjcx2h7PcRikpQp
182,"ทางของฝุ่น (Dust)","Atom Chanakan",6004,https://open.spotify.com/track/3XfygeAG5SFzEVaQJEKY49
183,"The Scientist",Coldplay,5982,https://open.spotify.com/track/75JFxkI2RXiU7L9VXzMkle
184,"I LOVE YOU",BOBBY,5958,https://open.spotify.com/track/1tSHQvRQD0RQHdQjmEfrCv
185,"Wanna Be (My Baby)","Wanna One",5949,https://open.spotify.com/track/3XITR1gQEfgRAnNf9O1UKz
186,"Palette (Feat. G-DRAGON)",IU,5913,https://open.spotify.com/track/3y7ByLZ05tluscOTRgEJ9Y
187,"Fetish (feat. Gucci Mane)","Selena Gomez",5883,https://open.spotify.com/track/0XLOf9LhyazPX9Ld8jPiUq
188,ปาใส่หน้า,"Ae Jirakorn",5870,https://open.spotify.com/track/5TB9yRV4DdinilFXwWCitB
189,"REALLY REALLY",WINNER,5859,https://open.spotify.com/track/02UNF1uo5f0UNgc1qx5XGt
190,"Felices los 4",Maluma,5847,https://open.spotify.com/track/0qYTZCo5Bwh1nsUFGZP3zn
191,Bonita,"J Balvin",5840,https://open.spotify.com/track/693iqPOQvhI7PobtR8CC8v
192,NEVER,"Sons of People",5798,https://open.spotify.com/track/095rDYLjAHYmis3vU8gRxo
193,"จริงๆมันก็ดี DRUNK","GENA DESOUZA",5776,https://open.spotify.com/track/6lrciXR6J6Kkm3Tksqk9wM
194,Demons,"Imagine Dragons",5770,https://open.spotify.com/track/2Oehrcv4Kov0SuIgWyQY9e
195,"BANG BANG BANG - KR Ver.",BIGBANG,5763,https://open.spotify.com/track/6iu311jZAJFLPgoIWgrA72
196,"แพ้เธอ - เพลงประกอบละคร เสน่หา DIARY ตอน แสบเสน่หา","Tanatat Chaiyaat",5752,https://open.spotify.com/track/2UbqyqWhVhZzeHi2tWlKWD
197,Style,"Taylor Swift",5729,https://open.spotify.com/track/0ug5NqcwcFR2xrfTkc7k8e
198,"do re mi (feat. Gucci Mane)",Blackbear,5721,https://open.spotify.com/track/53mrVsi49rLHIaKBiSvElG
199,"Reggaetón Lento (Remix)",CNCO,5711,https://open.spotify.com/track/3zoYkqS4y2BsGVShPL2nTE
200,"The Last Of The Real Ones","Fall Out Boy",5709,https://open.spotify.com/track/7cQMJ0wDqVS5iM0JIvP6Ay
1,DNA,BTS,88780,https://open.spotify.com/track/5SE57ljOIUJ1ybL9U6CuBH
2,"Too Good At Goodbyes - Edit","Sam Smith",62871,https://open.spotify.com/track/0mel2N9Ws9r4yLQn5QE21Y
3,"Look What You Made Me Do","Taylor Swift",58541,https://open.spotify.com/track/6uFsE1JgZ20EXyU0JQZbUR
4,"Best Of Me",BTS,53039,https://open.spotify.com/track/2tdq0CeAGSfhI2l4Gwkvgx
5,"Dusk Till Dawn - Radio Edit",ZAYN,46788,https://open.spotify.com/track/1j4kHkkpqZRBwE0A4CN4Yv
6,"What Lovers Do (feat. SZA)","Maroon 5",46439,https://open.spotify.com/track/4mxWSdf71VFO52qFeY0fZt
7,"MIC Drop",BTS,45559,https://open.spotify.com/track/2SYa5Lx1uoCvyDIW4oee9b
8,"Go Go",BTS,44826,https://open.spotify.com/track/5nq1uTNIR1cBR72T87viS0
9,"New Rules","Dua Lipa",44799,https://open.spotify.com/track/2ekn2ttSfGqwhhate0LSR0
10,dimple,BTS,44756,https://open.spotify.com/track/3ryjLm3oupIjJFGc39naNi
11,"Intro: Serendipity",BTS,42465,https://open.spotify.com/track/7iV733e1KacKrFRaBNxVEf
12,"Pied Piper",BTS,41890,https://open.spotify.com/track/0ffweDHrg4bZqdG4IfGYuo
13,"Back to You (feat. Bebe Rexha & Digital Farm Animals)","Louis Tomlinson",40045,https://open.spotify.com/track/7F9vK8hNFMml4GtHsaXui6
14,รักตัวเอง,"Room 39",38115,https://open.spotify.com/track/46Uqy57KyAT7xBz6BIqdB3
15,Havana,"Camila Cabello",36293,https://open.spotify.com/track/0ofbQMrRDsUaVKq2mGLEAb
16,"Shape of You","Ed Sheeran",36203,https://open.spotify.com/track/7qiZfU4dY1lWllzX7mPBI3
17,"Friends (with BloodPop®)","Justin Bieber",35777,https://open.spotify.com/track/7nZmah2llfvLDiUjm0kiyz
18,"Feels (feat. Pharrell Williams, Katy Perry & Big Sean)","Calvin Harris",35484,https://open.spotify.com/track/5bcTCxgc7xVfSaMV3RuVke
19,"Sorry Not Sorry","Demi Lovato",34822,https://open.spotify.com/track/25C5CowdsfXld2jJanbiex
20,รังเกียจกันไหม?,UrboyTJ,34368,https://open.spotify.com/track/3uVe6WBnQlTdT6zWs6uPX9
21,"Strip That Down","Liam Payne",34311,https://open.spotify.com/track/6EpRaXYhGOB3fj4V2uDkMJ
22,1-800-273-8255,Logic,33717,https://open.spotify.com/track/5tz69p7tJuGPeMGwNTxYuV
23,Thunder,"Imagine Dragons",33691,https://open.spotify.com/track/0tKcYR2II1VCQWT79i5NrW
24,"Outro: Her",BTS,31985,https://open.spotify.com/track/3l8yQMdniG6Os8gUBNXV57
25,"Too Much To Ask","Niall Horan",31505,https://open.spotify.com/track/3hRZsdTF5uyGA2uhNqEuhm
26,Attention,"Charlie Puth",30883,https://open.spotify.com/track/4iLqG9SeJSnt0cSPICSjxv
27,"...Ready For It?","Taylor Swift",30693,https://open.spotify.com/track/19WjVVgXjdKXfLXoaDPwTM
28,"Despacito - Remix","Luis Fonsi",29714,https://open.spotify.com/track/5CtI0qwDJkDQGwXD1H1cLb
29,Silence,Marshmello,29493,https://open.spotify.com/track/7vGuf3Y35N4wmASOKLUVVU
30,"Young Dumb & Broke",Khalid,29091,https://open.spotify.com/track/5Z3GHaZ6ec9bsiI5BenrbY
31,"2U (feat. Justin Bieber)","David Guetta",29000,https://open.spotify.com/track/3A7qX2QjDlPnazUsRk5y0M
32,Mama,"Jonas Blue",28508,https://open.spotify.com/track/0NiXXAI876aGImAd6rTj8w
33,rockstar,"Post Malone",28494,https://open.spotify.com/track/1OmcAT5Y8eg5bUPv9qJT4R
34,"จังหวะจะรัก - From “Heartbeat” Original Soundtrack","Violette Wautier",27851,https://open.spotify.com/track/1ux0god9zERqovPLrzRdBT
35,"There for You","Martin Garrix",27076,https://open.spotify.com/track/6jA8HL9i4QGzsj6fjoxp8Y
36,มีแฟนแล้ว,"Oat Pramote",26122,https://open.spotify.com/track/6IDsfMh7YJlE3R2mB1DYXH
37,"I'm the One (feat. Justin Bieber, Quavo, Chance the Rapper & Lil Wayne)","DJ Khaled",26106,https://open.spotify.com/track/3DXncPQOG4VBw3QHh3S817
38,"Something Just Like This","The Chainsmokers",25740,https://open.spotify.com/track/6RUKPb4LETWmmr3iAEQktW
39,"Lonely Together (feat. Rita Ora)",Avicii,24905,https://open.spotify.com/track/2OALaHcDdKkjYEpAr0Qzab
40,"Super Far",LANY,24824,https://open.spotify.com/track/74ODGXs4byLTRdnKGM4s6E
41,ก่อนฤดูฝน,"The Toys",24711,https://open.spotify.com/track/1oyYuiIundjUzgi0oyBNyB
42,"หัวใจทศกัณฐ์(Devil's Heart)","Keng Tachaya",24304,https://open.spotify.com/track/13OiQUzHROJBNGRxcs7nSu
43,"I Like Me Better",Lauv,23972,https://open.spotify.com/track/1wjzFQodRWrPcQ0AnYnvQ9
44,"Without You (feat. Sandro Cavazza)",Avicii,23481,https://open.spotify.com/track/6WbADFqMvR8N5u0BvtsWQE
45,"There's Nothing Holdin' Me Back","Shawn Mendes",23318,https://open.spotify.com/track/79cuOz3SPQTuFrp8WgftAu
46,Perfect,"Ed Sheeran",23086,https://open.spotify.com/track/0tgVpDi06FyKpA1z0VMD4v
47,ช่วงนี้(Karma),"Atom Chanakan",20920,https://open.spotify.com/track/3LbX6aIcOxB1p0pOpYPLVu
48,บทสุดท้าย,"BANKK CA$H",20404,https://open.spotify.com/track/0xpkfml0e404bgSA0C9U2T
49,"Let Me Go (with Alesso, Florida Georgia Line & watt)","Hailee Steinfeld",19948,https://open.spotify.com/track/5AEtlRudpgdT5FtNiuly6Y
50,"Skit: Billboard Music Awards Speech",BTS,19896,https://open.spotify.com/track/7KXEhfjwdxHVra8VcT2QHH
51,"Mi Gente","J Balvin",19394,https://open.spotify.com/track/2rb5MvYT7ZIxbKW5hfcHx8
52,"Homemade Dynamite (Feat. Khalid, Post Malone & SZA) - REMIX",Lorde,19153,https://open.spotify.com/track/7rdUtXasA973gmrr2Xxh3E
53,"Ko Ko Bop",EXO,18029,https://open.spotify.com/track/5EzitieoPnjyKHAq0gfRMa
54,คนละชั้น,Jaonaay,17905,https://open.spotify.com/track/6m5sX3sT8egiC6hqQuU382
55,เฉยเมย,YOUNGOHM,17160,https://open.spotify.com/track/6XPCoGblXqyvcyp31vzRyL
56,"Galway Girl","Ed Sheeran",17112,https://open.spotify.com/track/0afhq8XCExXpqazXczTSve
57,เป็นทุกอย่าง,"Room 39",17088,https://open.spotify.com/track/54BVTgTpCjK8cRhTFDjHNK
58,"Glorious (feat. Skylar Grey)",Macklemore,16890,https://open.spotify.com/track/0CokSRCu5hZgPxcZBaEzVE
59,Rain,"The Script",16661,https://open.spotify.com/track/2QWP8NYYplOqEFBYGCcq0S
60,เผด็จเกิร์ล,"Tattoo Colour",16382,https://open.spotify.com/track/6dnXdI7OhOJYvVjlT6pR03
61,หน้าหนาวที่แล้ว,"The Toys",16322,https://open.spotify.com/track/5mVeBv0bUZPJU7kPZcm594
62,"Blood Sweat & Tears",BTS,16285,https://open.spotify.com/track/5RGf8qn1TBWVplLyyKUsuV
63,Unforgettable,"French Montana",16234,https://open.spotify.com/track/3B54sVLJ402zGa6Xm4YGNe
64,ทุกคนเคยร้องไห้,"Pang Nakarin",15788,https://open.spotify.com/track/35xujz4rBKjBkVLx2AoD6Y
65,Tired,"Alan Walker",15696,https://open.spotify.com/track/3b5Li4QKDVBx1x7fQuu54a
66,"As If It's Your Last",BLACKPINK,15643,https://open.spotify.com/track/1Zyd6zQnC6XIIzmg3hP7Ot
67,"Spring Day",BTS,15533,https://open.spotify.com/track/0WNGsQ1oAuHzNTk8jivBKW
68,"A Different Way (with Lauv)","DJ Snake",15323,https://open.spotify.com/track/0Wv5wuenRLI3BcwgT3HPIP
69,ฝืนตัวเองไม่เป็น,"Non Tanon",15116,https://open.spotify.com/track/0FlZM6SFefxfXzX68IpVxb
70,"Your Song","Rita Ora",14800,https://open.spotify.com/track/4c2W3VKsOFoIg2SFaO6DY5
71,Gashina,SUNMI,14788,https://open.spotify.com/track/0jFHMDRXxKaREor3hBEEST
72,"Bad Luck",Lipta,14464,https://open.spotify.com/track/6KtTbMttJ8ZtMG6VMds2B2
73,Believer,"Imagine Dragons",14399,https://open.spotify.com/track/0CcQNd8CINkwQfe1RDtGV6
74,"Rich Love (with Seeb)",OneRepublic,14131,https://open.spotify.com/track/7aF09WaavZAmAWuUeYxlYD
75,"Stay With You","Cheat Codes",14070,https://open.spotify.com/track/7q8jJ1XZEliBakZSUMFde5
76,มือลั่น,"Jazz Spooknickpapiyongkookkook",13955,https://open.spotify.com/track/6elsRmdqv0DGmmppxnqm4q
77,Energetic,"Wanna One",13952,https://open.spotify.com/track/3CEs5Jnov3YkmYn0Vezrcr
78,"Wild Thoughts (feat. Rihanna & Bryson Tiller)","DJ Khaled",13770,https://open.spotify.com/track/1OAh8uOEOvTDqkKFsKksCi
79,"Let's Go",Lipta,13574,https://open.spotify.com/track/3AenWjAY3QOYyInNTBOuNX
80,"Symphony (feat. Zara Larsson)","Clean Bandit",13549,https://open.spotify.com/track/1x5sYLZiu9r5E43kMlt9f8
81,"More Than You Know","Axwell /\ Ingrosso",13343,https://open.spotify.com/track/3PEgB3fkiojxms35ntsTgs
82,"Bodak Yellow","Cardi B",13264,https://open.spotify.com/track/2771LMNxwf62FTAdpJMQfM
83,"That's What I Like","Bruno Mars",13238,https://open.spotify.com/track/0KKkJNfGyhkQ5aFogxQAPU
84,"What About Us",P!nk,13174,https://open.spotify.com/track/31MkGwj0SWgZaTvEt5Hgxv
85,"Pretty Girl - Cheat Codes X CADE Remix","Maggie Lindemann",13162,https://open.spotify.com/track/1NDxZ7cFAo481dtYWdrUnR
86,ครั้งหนึ่งไม่ถึงตาย,KLEAR,12976,https://open.spotify.com/track/1H0gOyCNo1NKWFmM8VMIeN
87,"Slow Hands","Niall Horan",12806,https://open.spotify.com/track/167NczpNbRF7oWakJaY3Hh
88,Stargazing,Kygo,12800,https://open.spotify.com/track/0Zbbxnx4SGGHoIow4PpISP
89,อย่าเพิ่งใจร้าย,"The Mousses",12789,https://open.spotify.com/track/5S2aCEv3wt0bukp7nmhw52
90,"Find You","Nick Jonas",12734,https://open.spotify.com/track/6Ll3qUTssdGWMxbwhMud2N
91,เรื่องที่ขอ,Lula,12449,https://open.spotify.com/track/6ZDl7YLiNjey9VOdEM3pok
92,"XO TOUR Llif3","Lil Uzi Vert",12290,https://open.spotify.com/track/7GX5flRQZVHRAGd6B4TmDO
93,HUMBLE.,"Kendrick Lamar",12113,https://open.spotify.com/track/7KXjTSCq5nL1LoYtL7XAwS
94,Closer,"The Chainsmokers",12026,https://open.spotify.com/track/7BKLCZ1jbUBVqRi2FVlTVw
95,ยังคิดถึง...(Same),"Marc Tatchapon",11999,https://open.spotify.com/track/1OlInnJssr9pXY0Ooa0SDT
96,"โทษที่เอาแต่ใจ (sorry)","Peck Palitchoke",11991,https://open.spotify.com/track/4MSnsmZbrh25VE8IJcZufb
97,Congratulations,"Post Malone",11589,https://open.spotify.com/track/3a1lNhkSLSkpJE4MSHpDu9
98,"No Promises (feat. Demi Lovato)","Cheat Codes",11559,https://open.spotify.com/track/1louJpMmzEicAn7lzDalPW
99,"Jocelyn Flores",XXXTENTACION,11494,https://open.spotify.com/track/7m9OqQk4RVRkw9JJdeAw96
100,Heartline,"Craig David",11459,https://open.spotify.com/track/4ioNqWWd8Ivz4bLfrn3bBN
101,Why,"Sabrina Carpenter",11395,https://open.spotify.com/track/2jYmK1cb3Uya6FFsocdpzO
102,"Meant to Be (feat. Florida Georgia Line)","Bebe Rexha",11343,https://open.spotify.com/track/7iDa6hUg2VgEL1o1HjmfBn
103,"Bank Account","21 Savage",11272,https://open.spotify.com/track/2fQrGHiQOvpL9UgPvtYy6G
104,พัง..(ลำพัง),Getsunova,11247,https://open.spotify.com/track/0hTyySmaM27kaBNofAYOdr
105,เพียง,"Chart Suchart",10978,https://open.spotify.com/track/5uv1Q92Nv4l7nsuTvnwT9L
106,"I Just Can't",R3HAB,10887,https://open.spotify.com/track/3gfmFoJgmn9LiIj5mV8oSS
107,"Not Today",BTS,10752,https://open.spotify.com/track/4hrpoqJMVE7FxBu1YWx0eQ
108,Photograph,"Ed Sheeran",10747,https://open.spotify.com/track/6fxVffaTuwjgEk5h9QyRjy
109,ทดลองใช้,"Pun Basher",10690,https://open.spotify.com/track/0OCOoJ0TVcCLRCBFycKgnF
110,"Complicated (feat. Kiiara)","Dimitri Vegas & Like Mike",10690,https://open.spotify.com/track/1Sl3njkhhz8nrSPZroDQ82
111,"Good Old Days (feat. Kesha)",Macklemore,10563,https://open.spotify.com/track/2Za1AlJNvksouPPWbXpR2X
112,"Burn It Up","Wanna One",10358,https://open.spotify.com/track/0WJVy5IYA9AeAI1htZDq0C
113,"Can I Be Him","James Arthur",10221,https://open.spotify.com/track/0VhgEqMTNZwYL1ARDLLNCX
114,"Feel It Still","Portugal. The Man",9969,https://open.spotify.com/track/6QgjcU0zLnzq5OrUoSZ3OK
115,เธอทำให้ได้รู้,Potato,9922,https://open.spotify.com/track/3YrKiQmCq64ZYeex4ifd17
116,นวด,Palmy,9782,https://open.spotify.com/track/3ElQaABWL55eqagqUocEYW
117,Paris,"The Chainsmokers",9759,https://open.spotify.com/track/72jbDTw1piOOj770jWNeaG
118,เจ็บจนไม่เข้าใจ,PORTRAIT,9741,https://open.spotify.com/track/4URCEQmgwuwaHiySIqGmIa
119,"Don't Wanna Cry",SEVENTEEN,9670,https://open.spotify.com/track/6Upu6yjkdi0DVI8E3IBZEU
120,"I Need U",BTS,9533,https://open.spotify.com/track/3RlcLpMmRvSd84Uw6Yt4Iw
121,"ปากแข็ง (Just in my mind) - เพลงประกอบซีรีส์ Slam Dance ทุ่มฝันสนั่นฟลอร์",Mild,9531,https://open.spotify.com/track/3ALshyY9fzcWICITSHC3km
122,"빨간 맛 Red Flavor","Red Velvet",9402,https://open.spotify.com/track/7nKQ5WAcjnG48knyLuo8gO
123,"WHISTLE - KR Ver.",BLACKPINK,9369,https://open.spotify.com/track/67BbMuItfrHmaNqDxBPF7c
124,รอยยิ้มของวันพรุ่งนี้,"TOR+ Saksit",9347,https://open.spotify.com/track/6xfSWlLiaHknC9wYNI2M0a
125,"전야 前夜 The Eve",EXO,9243,https://open.spotify.com/track/2ujA6F1cpk3m8lsPE5aKua
126,"Staying Up",Matoma,9240,https://open.spotify.com/track/3uB6rxXYjmMEhOVJT763S6
127,"All My Love (feat. Conor Maynard)","Cash Cash",9191,https://open.spotify.com/track/1839RWzPRZCVgvamu4sHSN
128,ใครคนนั้น,Palaphol,9165,https://open.spotify.com/track/4empzWZswsmif6NaN3ZPjK
129,"PLAYING WITH FIRE - KR Ver.",BLACKPINK,9136,https://open.spotify.com/track/5OepnJhqZoyJN8qWo2LZzy
130,Power,EXO,9090,https://open.spotify.com/track/53YZi9zgTnF0Py0K6ejyWz
131,Sober,"Cheat Codes",9081,https://open.spotify.com/track/4LSkEJ5P5MV0y3PZqw7guJ
132,Restart,"Room 39",8945,https://open.spotify.com/track/1pjVBWRTyPG3WXlxTNYT3U
133,Dope,BTS,8940,https://open.spotify.com/track/6dr6QeqH62tYUiPezRbinq
134,"The Way I Are (Dance With Somebody) [feat. Lil Wayne]","Bebe Rexha",8937,https://open.spotify.com/track/6Pw3Gvw4wNMZfTYZa6IQal
135,"Love Yourself","Justin Bieber",8738,https://open.spotify.com/track/3hB5DgAiMAQ4DzYbsMq1IT
136,Wait,"Martin Jensen",8530,https://open.spotify.com/track/3V9DfRoS7JfSkuTyNEsCxQ
137,"If I'm Lucky","Jason Derulo",8524,https://open.spotify.com/track/6eUncuJutsFi9BGO1JaBHh
138,"Where The Love Goes",Anjulie,8459,https://open.spotify.com/track/0Xa7b1Kw7I08dD2k7zZKtV
139,"Versace On The Floor","Bruno Mars",8422,https://open.spotify.com/track/0kN8xEmgMW9mh7UmDYHlJP
140,"ปลายทางที่ว่างเปล่า - เพลงประกอบ Club Friday Celeb's Stories","Aof Pongsak",8203,https://open.spotify.com/track/34EtCXSXdm8iR2psCUGpwU
141,"Say You Won't Let Go","James Arthur",8029,https://open.spotify.com/track/5uCax9HTNlzGybIStD3vDh
142,"Swalla (feat. Nicki Minaj & Ty Dolla $ign)","Jason Derulo",8009,https://open.spotify.com/track/6kex4EBAj0WHXDKZMEJaaF
143,"Stay (with Alessia Cara)",Zedd,8001,https://open.spotify.com/track/0dA2Mk56wEzDgegdC6R17g
144,"Blank Space","Taylor Swift",7806,https://open.spotify.com/track/1u8c2t2Cy7UBoG4ArRcF5g
145,"Thinking Out Loud","Ed Sheeran",7773,https://open.spotify.com/track/1Slwb6dOYkBlWal1PGtnNg
146,"BOOMBAYAH - KR Ver.",BLACKPINK,7740,https://open.spotify.com/track/1qAPA8TooLVEqAZ58fhcrt
147,"Stay Young","Mike Perry",7697,https://open.spotify.com/track/2kLf4myxQME1Nd0voeKZri
148,"Save Me",BTS,7656,https://open.spotify.com/track/54s6sdPuMjVtdB5d5KFzTC
149,"The Cure","Lady Gaga",7629,https://open.spotify.com/track/51PIvodunv6NmX5250zxAh
150,"I Don’t Wanna Live Forever (Fifty Shades Darker) - From ""Fifty Shades Darker (Original Motion Picture Soundtrack)""",ZAYN,7431,https://open.spotify.com/track/3NdDpSvN911VPGivFlV5d0
151,"가을 아침 [Gaeul Achim] : Autumn morning",IU,7385,https://open.spotify.com/track/100N8P8WYnz9eCYuLYGflV
152,ก็แค่ไม่มีฉัน,"Violette Wautier",7380,https://open.spotify.com/track/43jODHDCovQ6CRYgYMhzrM
153,"Stay With Me",CHANYEOL,7337,https://open.spotify.com/track/1HYzRuWjmS9LXCkdVHi25K
154,"Side To Side","Ariana Grande",7250,https://open.spotify.com/track/4pLwZjInHj3SimIyN9SnOz
155,"Burning Up (Fire)",BTS,7235,https://open.spotify.com/track/4z9gBZQjGS4QLb4LOvmeuA
156,Run,BTS,7149,https://open.spotify.com/track/4AyDzfSssIVPriQXxoXCVq
157,"REALLY REALLY",WINNER,7126,https://open.spotify.com/track/02UNF1uo5f0UNgc1qx5XGt
158,Boys,"Charli XCX",7089,https://open.spotify.com/track/5o4yGlG0PfeVUa6ClIyOxq
159,Unpredictable,"Olly Murs",7038,https://open.spotify.com/track/5Gz1PxujU62sfecQpB0Stm
160,"We Don't Talk Anymore (feat. Selena Gomez)","Charlie Puth",6978,https://open.spotify.com/track/68EMU2RD1ECNeOeJ5qAXCV
161,"Me Rehúso","Danny Ocean",6974,https://open.spotify.com/track/6De0lHrwBfPfrhorm9q1Xl
162,ลืมไปก่อน,"Buddha Bless",6933,https://open.spotify.com/track/6Rpj87GuuE59nij1NVmpzD
163,"I Feel It Coming","The Weeknd",6910,https://open.spotify.com/track/5GXAXm5YOmYT0kL5jHvYBt
164,"24K Magic","Bruno Mars",6871,https://open.spotify.com/track/6b8Be6ljOzmkOmFslEb23P
165,"It Ain't Me (with Selena Gomez)",Kygo,6813,https://open.spotify.com/track/3eR23VReFzcdmS7TYCrhCe
166,Starboy,"The Weeknd",6710,https://open.spotify.com/track/5aAx2yezTd8zXrkmtKl66Z
167,"I'm Not The Only One","Sam Smith",6612,https://open.spotify.com/track/0fioLzGM8ngbD1w6fMmm45
168,"The Scientist",Coldplay,6607,https://open.spotify.com/track/75JFxkI2RXiU7L9VXzMkle
169,"Palette (Feat. G-DRAGON)",IU,6585,https://open.spotify.com/track/3y7ByLZ05tluscOTRgEJ9Y
170,"러시안 룰렛 Russian Roulette","Red Velvet",6570,https://open.spotify.com/track/7AvXrOVEVRcfXxme2wo6Im
171,อ้าว,"Atom Chanakan",6546,https://open.spotify.com/track/6gvnmsiH3CI9TLGPoXx7kE
172,คนที่คุณก็รู้ว่าใคร,Stamp,6525,https://open.spotify.com/track/3usWyH1du9AWTTxUIMOh79
173,Monster,EXO,6525,https://open.spotify.com/track/6lM6yIDZ7kxFsgQCCfaLE2
174,"Treat You Better","Shawn Mendes",6522,https://open.spotify.com/track/4Hf7WnR761jpxPr5D46Bcd
175,Location,Khalid,6515,https://open.spotify.com/track/152lZdxL1OR0ZMW6KquMif
176,โอ้เธอ,"Songkarn Rangsant",6512,https://open.spotify.com/track/31NK9ucTVypJ7txSyNq52G
177,"Where Is The Love?","The Black Eyed Peas",6423,https://open.spotify.com/track/0uqPG793dkDDN7sCUJJIVC
178,Heavy,Anne-Marie,6362,https://open.spotify.com/track/2X8GwyuNBiOJKLCLNaefOT
179,"จีบ...(May I)","Namm Ronnadet",6353,https://open.spotify.com/track/3F5jmTgXeY1zS2ATt4cR7L
180,ปาใส่หน้า,"Ae Jirakorn",6344,https://open.spotify.com/track/5TB9yRV4DdinilFXwWCitB
181,Demons,"Imagine Dragons",6298,https://open.spotify.com/track/2Oehrcv4Kov0SuIgWyQY9e
182,"Slide (feat. Frank Ocean & Migos)","Calvin Harris",6250,https://open.spotify.com/track/7tr2za8SQg2CI8EDgrdtNl
183,NEVER,"Sons of People",6210,https://open.spotify.com/track/095rDYLjAHYmis3vU8gRxo
184,Butterfly,BTS,6208,https://open.spotify.com/track/6dFaVBGSGvVpmrrdX2RS6y
185,"Don't Let Me Down","The Chainsmokers",6140,https://open.spotify.com/track/0QsvXIfqM0zZoerQfsI9lm
186,"BANG BANG BANG - KR Ver.",BIGBANG,6128,https://open.spotify.com/track/6iu311jZAJFLPgoIWgrA72
187,Bonita,"J Balvin",6117,https://open.spotify.com/track/693iqPOQvhI7PobtR8CC8v
188,"The Way Life Goes (feat. Oh Wonder)","Lil Uzi Vert",6093,https://open.spotify.com/track/2eAZfqOm4EnOF9VvN50Tyc
189,"แพ้เธอ - เพลงประกอบละคร เสน่หา DIARY ตอน แสบเสน่หา","Tanatat Chaiyaat",6061,https://open.spotify.com/track/2UbqyqWhVhZzeHi2tWlKWD
190,ยินดีที่ได้รัก,S.D.F,6044,https://open.spotify.com/track/5CclbtfH4QbBDF3lT4D8Ue
191,อย่าให้ฉันคิด,"Room 39",6038,https://open.spotify.com/track/03p70BWvxnhNIMwL70nBEP
192,Apologize,OneRepublic,6018,https://open.spotify.com/track/6fOPuabPdAJ0HgqJFcDGb1
193,"The Last Of The Real Ones","Fall Out Boy",6007,https://open.spotify.com/track/7cQMJ0wDqVS5iM0JIvP6Ay
194,"Felices los 4",Maluma,5974,https://open.spotify.com/track/0qYTZCo5Bwh1nsUFGZP3zn
195,"Let Her Go",Passenger,5966,https://open.spotify.com/track/2jyjhRf6DVbMPU5zxagN2h
196,พายุหมุน,"The Yers",5955,https://open.spotify.com/track/2NVJgGuBgcLAnEpahR1wBi
197,"I LOVE YOU",BOBBY,5952,https://open.spotify.com/track/1tSHQvRQD0RQHdQjmEfrCv
198,"Counting Stars",OneRepublic,5943,https://open.spotify.com/track/5edBgVtRD0fvWk140Sl21T
199,"Cherry Bomb","NCT 127",5937,https://open.spotify.com/track/3o8QzWsiiqTUVgBZfHgF58
200,ยังรอ,"Ben Chalatit",5930,https://open.spotify.com/track/2iZa85nnDuPYAW9NswnjDp